Access Date;Access Time;Modify Date;Modify Time;Create Date;Create Time;Permissions;User ID;Group ID;File Size;Filename
18/01/22;00:49:26.1476171080;25/01/22;11:43:55.8642407340;25/01/22;11:43:55.8642407340;755;1000;1002;888;./
18/01/22;00:49:26.1476171080;18/01/22;00:49:26.1476171080;18/01/22;00:49:26.1476171080;644;1000;1002;1639;./index.html
18/01/22;00:49:27.6916170690;18/01/22;00:49:56.7236163290;18/01/22;00:49:56.7236163290;755;1000;1002;164;./.git
18/01/22;00:49:27.0000000000;17/01/22;16:42:11.0000000000;18/01/22;00:49:27.6916170690;644;1000;1002;752;./.git/index.html
18/01/22;00:49:46.1996165970;18/01/22;00:49:46.1996165970;18/01/22;00:49:46.1996165970;755;1000;1002;20;./.git/branches
18/01/22;00:49:46.0000000000;17/01/22;16:42:13.0000000000;18/01/22;00:49:46.2036165970;644;1000;1002;339;./.git/branches/index.html
18/01/22;00:49:47.0000000000;17/01/22;16:42:13.0000000000;18/01/22;00:49:47.3156165690;644;1000;1002;8;./.git/COMMIT_EDITMSG
18/01/22;00:49:48.0000000000;17/01/22;16:42:13.0000000000;18/01/22;00:49:48.7116165330;644;1000;1002;92;./.git/config
18/01/22;00:49:49.0000000000;17/01/22;16:42:13.0000000000;18/01/22;00:49:49.7636165070;644;1000;1002;73;./.git/description
18/01/22;00:49:50.0000000000;17/01/22;16:42:13.0000000000;18/01/22;00:49:50.8516164790;644;1000;1002;23;./.git/HEAD
18/01/22;00:49:50.9436164770;18/01/22;00:50:43.5316151370;18/01/22;00:50:43.5316151370;755;1000;1002;480;./.git/hooks
18/01/22;00:49:50.0000000000;17/01/22;16:42:13.0000000000;18/01/22;00:49:50.9476164760;644;1000;1002;1093;./.git/hooks/index.html
18/01/22;00:50:34.0000000000;17/01/22;16:42:17.0000000000;18/01/22;00:50:34.7796153600;644;1000;1002;478;./.git/hooks/applypatch-msg.sample
18/01/22;00:50:34.0000000000;17/01/22;16:42:17.0000000000;18/01/22;00:50:34.8116153590;644;1000;1002;896;./.git/hooks/commit-msg.sample
18/01/22;00:50:34.0000000000;17/01/22;16:42:17.0000000000;18/01/22;00:50:34.8276153590;644;1000;1002;3079;./.git/hooks/fsmonitor-watchman.sample
18/01/22;00:50:35.0000000000;17/01/22;16:42:17.0000000000;18/01/22;00:50:35.9196153310;644;1000;1002;189;./.git/hooks/post-update.sample
18/01/22;00:50:36.0000000000;17/01/22;16:42:17.0000000000;18/01/22;00:50:36.9476153050;644;1000;1002;424;./.git/hooks/pre-applypatch.sample
18/01/22;00:50:37.0000000000;17/01/22;16:42:18.0000000000;18/01/22;00:50:37.1396153000;644;1000;1002;1638;./.git/hooks/pre-commit.sample
18/01/22;00:50:38.0000000000;17/01/22;16:42:18.0000000000;18/01/22;00:50:38.2636152710;644;1000;1002;416;./.git/hooks/pre-merge-commit.sample
18/01/22;00:50:39.0000000000;17/01/22;16:42:18.0000000000;18/01/22;00:50:39.3796152430;644;1000;1002;1348;./.git/hooks/pre-push.sample
18/01/22;00:50:40.0000000000;17/01/22;16:42:18.0000000000;18/01/22;00:50:40.3956152170;644;1000;1002;4898;./.git/hooks/pre-rebase.sample
18/01/22;00:50:41.0000000000;17/01/22;16:42:18.0000000000;18/01/22;00:50:41.4196151910;644;1000;1002;544;./.git/hooks/pre-receive.sample
18/01/22;00:50:42.0000000000;17/01/22;16:42:18.0000000000;18/01/22;00:50:42.5156151630;644;1000;1002;1492;./.git/hooks/prepare-commit-msg.sample
18/01/22;00:50:43.0000000000;17/01/22;16:42:18.0000000000;18/01/22;00:50:43.5396151370;644;1000;1002;3610;./.git/hooks/update.sample
18/01/22;00:49:52.0000000000;17/01/22;16:42:14.0000000000;18/01/22;00:49:52.2116164440;644;1000;1002;12796;./.git/index
18/01/22;00:49:53.3276164160;18/01/22;00:50:44.5676151110;18/01/22;00:50:44.5676151110;755;1000;1002;34;./.git/info
18/01/22;00:49:53.0000000000;17/01/22;16:42:14.0000000000;18/01/22;00:49:53.3276164160;644;1000;1002;370;./.git/info/index.html
18/01/22;00:50:44.0000000000;17/01/22;16:42:18.0000000000;18/01/22;00:50:44.5676151110;644;1000;1002;240;./.git/info/exclude
18/01/22;00:49:54.5396163850;18/01/22;00:50:44.6676151080;18/01/22;00:50:44.6676151080;755;1000;1002;36;./.git/logs
18/01/22;00:49:54.0000000000;17/01/22;16:42:14.0000000000;18/01/22;00:49:54.5396163850;644;1000;1002;399;./.git/logs/index.html
18/01/22;00:50:44.0000000000;17/01/22;16:42:18.0000000000;18/01/22;00:50:44.6236151090;644;1000;1002;180;./.git/logs/HEAD
18/01/22;00:50:44.6676151080;18/01/22;00:53:40.3956106320;18/01/22;00:53:40.3956106320;755;1000;1002;30;./.git/logs/refs
18/01/22;00:50:44.0000000000;17/01/22;16:42:18.0000000000;18/01/22;00:50:44.6756151080;644;1000;1002;378;./.git/logs/refs/index.html
18/01/22;00:53:40.3956106320;18/01/22;00:56:43.7236059620;18/01/22;00:56:43.7236059620;755;1000;1002;32;./.git/logs/refs/heads
18/01/22;00:53:40.0000000000;17/01/22;16:42:35.0000000000;18/01/22;00:53:40.3956106320;644;1000;1002;390;./.git/logs/refs/heads/index.html
18/01/22;00:56:43.0000000000;17/01/22;16:42:49.0000000000;18/01/22;00:56:43.7236059620;644;1000;1002;180;./.git/logs/refs/heads/master
18/01/22;00:49:55.6596163560;18/01/22;00:52:14.4556128210;18/01/22;00:52:14.4556128210;755;1000;1002;428;./.git/objects
18/01/22;00:49:55.0000000000;17/01/22;16:42:14.0000000000;18/01/22;00:49:55.6596163560;644;1000;1002;3445;./.git/objects/index.html
18/01/22;00:50:45.7196150810;18/01/22;00:53:41.4236106060;18/01/22;00:53:41.4236106060;755;1000;1002;96;./.git/objects/00
18/01/22;00:50:45.0000000000;17/01/22;16:42:18.0000000000;18/01/22;00:50:45.7236150810;644;1000;1002;444;./.git/objects/00/index.html
18/01/22;00:53:41.0000000000;17/01/22;16:42:35.0000000000;18/01/22;00:53:41.4236106060;644;1000;1002;150;./.git/objects/00/d66bac80900508c71cdf6879c9bca201db0c1d
18/01/22;00:50:46.7676150550;18/01/22;00:53:43.6036105500;18/01/22;00:53:43.6036105500;755;1000;1002;172;./.git/objects/01
18/01/22;00:50:46.0000000000;17/01/22;16:42:18.0000000000;18/01/22;00:50:46.7756150540;644;1000;1002;545;./.git/objects/01/index.html
18/01/22;00:53:42.0000000000;17/01/22;16:42:35.0000000000;18/01/22;00:53:42.5556105770;644;1000;1002;858;./.git/objects/01/0b1ac170c93965be0f4ec4dfd9dfdf70944533
18/01/22;00:53:43.0000000000;17/01/22;16:42:36.0000000000;18/01/22;00:53:43.6076105500;644;1000;1002;516;./.git/objects/01/20cebc71a3602cce3192251787f0bcf8014164
18/01/22;00:50:47.8316150280;18/01/22;00:53:44.6836105230;18/01/22;00:53:44.6836105230;755;1000;1002;96;./.git/objects/02
18/01/22;00:50:47.0000000000;17/01/22;16:42:18.0000000000;18/01/22;00:50:47.8356150270;644;1000;1002;444;./.git/objects/02/index.html
18/01/22;00:53:44.0000000000;17/01/22;16:42:36.0000000000;18/01/22;00:53:44.6876105230;644;1000;1002;493;./.git/objects/02/fce99e55aa2e42910c0699119481a9f974672c
18/01/22;00:50:48.9076150000;18/01/22;00:53:45.7876104950;18/01/22;00:53:45.7876104950;755;1000;1002;96;./.git/objects/04
18/01/22;00:50:48.0000000000;17/01/22;16:42:19.0000000000;18/01/22;00:50:48.9156150000;644;1000;1002;444;./.git/objects/04/index.html
18/01/22;00:53:45.0000000000;17/01/22;16:42:36.0000000000;18/01/22;00:53:45.7916104940;644;1000;1002;192;./.git/objects/04/da3a80c01272f684cb01e8465462393e16be13
18/01/22;00:50:49.9956149720;18/01/22;00:53:49.1716104080;18/01/22;00:53:49.1716104080;755;1000;1002;248;./.git/objects/05
18/01/22;00:50:49.0000000000;17/01/22;16:42:19.0000000000;18/01/22;00:50:49.9956149720;644;1000;1002;646;./.git/objects/05/index.html
18/01/22;00:53:47.0000000000;17/01/22;16:42:36.0000000000;18/01/22;00:53:47.0436104630;644;1000;1002;277;./.git/objects/05/7e46e097ee804c9e9edf4427c711b1a17035f7
18/01/22;00:53:48.0000000000;17/01/22;16:42:36.0000000000;18/01/22;00:53:48.1116104350;644;1000;1002;232;./.git/objects/05/7e8a0fd3bd36227c90f7f61eaaaa8a06317466
18/01/22;00:53:49.0000000000;17/01/22;16:42:36.0000000000;18/01/22;00:53:49.1756104080;644;1000;1002;159;./.git/objects/05/bf2ee1e56b078b99ca4cfa55ba05306551bd3f
18/01/22;00:50:50.0516149710;18/01/22;00:53:52.4196103260;18/01/22;00:53:52.4196103260;755;1000;1002;248;./.git/objects/06
18/01/22;00:50:50.0000000000;17/01/22;16:42:19.0000000000;18/01/22;00:50:50.0556149710;644;1000;1002;646;./.git/objects/06/index.html
18/01/22;00:53:50.0000000000;17/01/22;16:42:36.0000000000;18/01/22;00:53:50.2276103810;644;1000;1002;719;./.git/objects/06/408ba029722b9c41166153f9ab1cdf8bf3e7c4
18/01/22;00:53:51.0000000000;17/01/22;16:42:36.0000000000;18/01/22;00:53:51.4036103520;644;1000;1002;723;./.git/objects/06/893d303cc0bf6f58398e0df4bd82b60a2c10f5
18/01/22;00:53:52.0000000000;17/01/22;16:42:36.0000000000;18/01/22;00:53:52.4236103260;644;1000;1002;146;./.git/objects/06/d6161de1529ee0daba37e6bbce9999b8a7d7a9
18/01/22;00:50:51.1196149440;18/01/22;00:53:53.4836102990;18/01/22;00:53:53.4836102990;755;1000;1002;96;./.git/objects/0a
18/01/22;00:50:51.0000000000;17/01/22;16:42:19.0000000000;18/01/22;00:50:51.1236149440;644;1000;1002;444;./.git/objects/0a/index.html
18/01/22;00:53:53.0000000000;17/01/22;16:42:36.0000000000;18/01/22;00:53:53.4836102990;644;1000;1002;935;./.git/objects/0a/05aea3a80297fcd3dce3d371db9ed3976e3d21
18/01/22;00:50:51.1756149420;18/01/22;00:53:54.5716102710;18/01/22;00:53:54.5716102710;755;1000;1002;96;./.git/objects/0e
18/01/22;00:50:51.0000000000;17/01/22;16:42:19.0000000000;18/01/22;00:50:51.1796149420;644;1000;1002;444;./.git/objects/0e/index.html
18/01/22;00:53:54.0000000000;17/01/22;16:42:36.0000000000;18/01/22;00:53:54.5716102710;644;1000;1002;693;./.git/objects/0e/0e3756eada76d858817e4bebd26e70c515e1d3
18/01/22;00:50:52.3356149130;18/01/22;00:53:56.6276102180;18/01/22;00:53:56.6276102180;755;1000;1002;172;./.git/objects/18
18/01/22;00:50:52.0000000000;17/01/22;16:42:19.0000000000;18/01/22;00:50:52.3436149130;644;1000;1002;545;./.git/objects/18/index.html
18/01/22;00:53:55.0000000000;17/01/22;16:42:36.0000000000;18/01/22;00:53:55.6076102440;644;1000;1002;164;./.git/objects/18/87a16dee7e38837cfc9daabde46a13bfc58406
18/01/22;00:53:56.0000000000;17/01/22;16:42:36.0000000000;18/01/22;00:53:56.6316102180;644;1000;1002;124;./.git/objects/18/a1a6e9a2bc8bc76480faab9ae0f8e487c10563
18/01/22;00:50:53.3796148860;18/01/22;00:53:57.6876101910;18/01/22;00:53:57.6876101910;755;1000;1002;96;./.git/objects/1b
18/01/22;00:50:53.0000000000;17/01/22;16:42:19.0000000000;18/01/22;00:50:53.3836148860;644;1000;1002;444;./.git/objects/1b/index.html
18/01/22;00:53:57.0000000000;17/01/22;16:42:36.0000000000;18/01/22;00:53:57.6916101910;644;1000;1002;47;./.git/objects/1b/9d91f0935424c0511622b987d293cfcc513acb
18/01/22;00:50:54.5316148570;18/01/22;00:53:58.7396101650;18/01/22;00:53:58.7396101650;755;1000;1002;96;./.git/objects/1f
18/01/22;00:50:54.0000000000;17/01/22;16:42:19.0000000000;18/01/22;00:50:54.5316148570;644;1000;1002;444;./.git/objects/1f/index.html
18/01/22;00:53:58.0000000000;17/01/22;16:42:36.0000000000;18/01/22;00:53:58.7396101650;644;1000;1002;3042;./.git/objects/1f/f57a8fe138b7c6ed16660a4d1ecb6cbccf82e7
18/01/22;00:50:55.5756148300;18/01/22;00:54:00.8476101110;18/01/22;00:54:00.8476101110;755;1000;1002;172;./.git/objects/23
18/01/22;00:50:55.0000000000;17/01/22;16:42:19.0000000000;18/01/22;00:50:55.5836148300;644;1000;1002;545;./.git/objects/23/index.html
18/01/22;00:53:59.0000000000;17/01/22;16:42:36.0000000000;18/01/22;00:53:59.7796101380;644;1000;1002;2874;./.git/objects/23/0532764581e476018ee4ddc19e55247180f3aa
18/01/22;00:54:00.0000000000;17/01/22;16:42:37.0000000000;18/01/22;00:54:00.8516101110;644;1000;1002;152;./.git/objects/23/96672e8d0b9f23adabb8cb291efc1683f4e811
18/01/22;00:50:55.6236148290;18/01/22;00:54:01.9476100830;18/01/22;00:54:01.9476100830;755;1000;1002;172;./.git/objects/28
18/01/22;00:50:55.0000000000;17/01/22;16:42:19.0000000000;18/01/22;00:50:55.6236148290;644;1000;1002;545;./.git/objects/28/index.html
18/01/22;00:54:01.0000000000;17/01/22;16:42:37.0000000000;18/01/22;00:54:01.9236100840;644;1000;1002;710;./.git/objects/28/26dda57103847be5da003c29fe6ecd4626056b
18/01/22;00:54:01.0000000000;17/01/22;16:42:37.0000000000;18/01/22;00:54:01.9596100830;644;1000;1002;180;./.git/objects/28/365306b6c20f22d026de77121874fb8fc5e204
18/01/22;00:50:56.7076148010;18/01/22;00:54:03.0396100550;18/01/22;00:54:03.0396100550;755;1000;1002;172;./.git/objects/2d
18/01/22;00:50:56.0000000000;17/01/22;16:42:20.0000000000;18/01/22;00:50:56.7076148010;644;1000;1002;545;./.git/objects/2d/index.html
18/01/22;00:54:01.0000000000;17/01/22;16:42:37.0000000000;18/01/22;00:54:01.9756100820;644;1000;1002;362;./.git/objects/2d/a4dce96a969897182e0c7e650a3eceb45bbe73
18/01/22;00:54:03.0000000000;17/01/22;16:42:37.0000000000;18/01/22;00:54:03.0436100550;644;1000;1002;160;./.git/objects/2d/ca1e11510dc6d7caf6c69851501d0ac703d8f6
18/01/22;00:50:57.7676147740;18/01/22;00:54:04.1116100280;18/01/22;00:54:04.1116100280;755;1000;1002;96;./.git/objects/37
18/01/22;00:50:57.0000000000;17/01/22;16:42:20.0000000000;18/01/22;00:50:57.7716147740;644;1000;1002;444;./.git/objects/37/index.html
18/01/22;00:54:04.0000000000;17/01/22;16:42:37.0000000000;18/01/22;00:54:04.1156100280;644;1000;1002;951;./.git/objects/37/b63429c220341bb6c6ff7121d78102a2d7c9ec
18/01/22;00:50:58.8476147470;18/01/22;00:54:04.1716100260;18/01/22;00:54:04.1716100260;755;1000;1002;96;./.git/objects/3b
18/01/22;00:50:58.0000000000;17/01/22;16:42:20.0000000000;18/01/22;00:50:58.8476147470;644;1000;1002;444;./.git/objects/3b/index.html
18/01/22;00:54:04.0000000000;17/01/22;16:42:37.0000000000;18/01/22;00:54:04.1756100260;644;1000;1002;179;./.git/objects/3b/c1129fb33a10654faab4ec61eae970b0808946
18/01/22;00:50:59.9036147200;18/01/22;00:54:05.3596099960;18/01/22;00:54:05.3596099960;755;1000;1002;96;./.git/objects/3c
18/01/22;00:50:59.0000000000;17/01/22;16:42:20.0000000000;18/01/22;00:50:59.9076147200;644;1000;1002;444;./.git/objects/3c/index.html
18/01/22;00:54:05.0000000000;17/01/22;16:42:37.0000000000;18/01/22;00:54:05.3636099960;644;1000;1002;161;./.git/objects/3c/a0760c7b0978e15a1bd2e2705406f4b1c5f9ef
18/01/22;00:51:01.0236146910;18/01/22;00:54:06.7716099600;18/01/22;00:54:06.7716099600;755;1000;1002;96;./.git/objects/3d
18/01/22;00:51:01.0000000000;17/01/22;16:42:20.0000000000;18/01/22;00:51:01.0276146910;644;1000;1002;444;./.git/objects/3d/index.html
18/01/22;00:54:06.0000000000;17/01/22;16:42:37.0000000000;18/01/22;00:54:06.7756099600;644;1000;1002;1017;./.git/objects/3d/4a68312e46fa534173969afb23c1e947ced7a8
18/01/22;00:51:02.2476146600;18/01/22;00:54:07.8396099330;18/01/22;00:54:07.8396099330;755;1000;1002;96;./.git/objects/3e
18/01/22;00:51:02.0000000000;17/01/22;16:42:20.0000000000;18/01/22;00:51:02.2516146600;644;1000;1002;444;./.git/objects/3e/index.html
18/01/22;00:54:07.0000000000;17/01/22;16:42:37.0000000000;18/01/22;00:54:07.8396099330;644;1000;1002;750;./.git/objects/3e/937d79c111fe3e43d43678aeef3b301071c4f2
18/01/22;00:51:03.4396146300;18/01/22;00:54:09.0916099010;18/01/22;00:54:09.0916099010;755;1000;1002;96;./.git/objects/3f
18/01/22;00:51:03.0000000000;17/01/22;16:42:20.0000000000;18/01/22;00:51:03.4436146300;644;1000;1002;444;./.git/objects/3f/index.html
18/01/22;00:54:09.0000000000;17/01/22;16:42:37.0000000000;18/01/22;00:54:09.0956099010;644;1000;1002;703;./.git/objects/3f/ae767850f22273117a2fde722e5ea5ae71133d
18/01/22;00:51:04.6916145980;18/01/22;00:54:10.1116098750;18/01/22;00:54:10.1116098750;755;1000;1002;96;./.git/objects/43
18/01/22;00:51:04.0000000000;17/01/22;16:42:20.0000000000;18/01/22;00:51:04.6916145980;644;1000;1002;444;./.git/objects/43/index.html
18/01/22;00:54:10.0000000000;17/01/22;16:42:37.0000000000;18/01/22;00:54:10.1116098750;644;1000;1002;250;./.git/objects/43/70c38bae5fc572bc9227c6fecbb92535daae27
18/01/22;00:51:05.7596145710;18/01/22;00:54:12.7156098090;18/01/22;00:54:12.7156098090;755;1000;1002;172;./.git/objects/45
18/01/22;00:51:05.0000000000;17/01/22;16:42:20.0000000000;18/01/22;00:51:05.7596145710;644;1000;1002;545;./.git/objects/45/index.html
18/01/22;00:54:11.0000000000;17/01/22;16:42:37.0000000000;18/01/22;00:54:11.2956098450;644;1000;1002;120;./.git/objects/45/3c9b16017b379f7a196377cc5124109d9d89ab
18/01/22;00:54:12.0000000000;17/01/22;16:42:37.0000000000;18/01/22;00:54:12.7196098090;644;1000;1002;419;./.git/objects/45/a7b6acfa3e84492649c55bf73198bee057ff07
18/01/22;00:51:06.8876145420;18/01/22;00:54:13.9116097780;18/01/22;00:54:13.9116097780;755;1000;1002;96;./.git/objects/48
18/01/22;00:51:06.0000000000;17/01/22;16:42:20.0000000000;18/01/22;00:51:06.8916145420;644;1000;1002;444;./.git/objects/48/index.html
18/01/22;00:54:13.0000000000;17/01/22;16:42:37.0000000000;18/01/22;00:54:13.9116097780;644;1000;1002;445;./.git/objects/48/82d76c16f6fdd5a92b5e6286ace7461dea8b71
18/01/22;00:51:08.0196145130;18/01/22;00:54:15.2276097450;18/01/22;00:54:15.2276097450;755;1000;1002;96;./.git/objects/4b
18/01/22;00:51:08.0000000000;17/01/22;16:42:20.0000000000;18/01/22;00:51:08.0236145130;644;1000;1002;444;./.git/objects/4b/index.html
18/01/22;00:54:15.0000000000;17/01/22;16:42:37.0000000000;18/01/22;00:54:15.2276097450;644;1000;1002;762;./.git/objects/4b/273fbbd7afa262251519a62fdcaf86d7db6a7b
18/01/22;00:51:09.1036144860;18/01/22;00:54:16.2756097180;18/01/22;00:54:16.2756097180;755;1000;1002;96;./.git/objects/4d
18/01/22;00:51:09.0000000000;17/01/22;16:42:21.0000000000;18/01/22;00:51:09.1076144860;644;1000;1002;444;./.git/objects/4d/index.html
18/01/22;00:54:16.0000000000;17/01/22;16:42:38.0000000000;18/01/22;00:54:16.2796097180;644;1000;1002;1414;./.git/objects/4d/f708868e117bab773f7fedde847bc4108b6c68
18/01/22;00:51:09.1636144840;18/01/22;00:54:17.4156096890;18/01/22;00:54:17.4156096890;755;1000;1002;96;./.git/objects/4e
18/01/22;00:51:09.0000000000;17/01/22;16:42:21.0000000000;18/01/22;00:51:09.1636144840;644;1000;1002;444;./.git/objects/4e/index.html
18/01/22;00:54:17.0000000000;17/01/22;16:42:38.0000000000;18/01/22;00:54:17.4196096890;644;1000;1002;300;./.git/objects/4e/1ab934065eef494f61fc298756b9d7e7af64e9
18/01/22;00:51:10.3476144540;18/01/22;00:54:18.4796096620;18/01/22;00:54:18.4796096620;755;1000;1002;96;./.git/objects/4f
18/01/22;00:51:10.0000000000;17/01/22;16:42:21.0000000000;18/01/22;00:51:10.3516144540;644;1000;1002;444;./.git/objects/4f/index.html
18/01/22;00:54:18.0000000000;17/01/22;16:42:38.0000000000;18/01/22;00:54:18.4796096620;644;1000;1002;684;./.git/objects/4f/471f87a12c413885567586654aabac46eee3d1
18/01/22;00:51:11.4836144250;18/01/22;00:54:18.5396096600;18/01/22;00:54:18.5396096600;755;1000;1002;96;./.git/objects/52
18/01/22;00:51:11.0000000000;17/01/22;16:42:21.0000000000;18/01/22;00:51:11.4836144250;644;1000;1002;444;./.git/objects/52/index.html
18/01/22;00:54:18.0000000000;17/01/22;16:42:38.0000000000;18/01/22;00:54:18.5436096600;644;1000;1002;1347;./.git/objects/52/180f22d6d721de3c15b3a5d48f3419a3614ca2
18/01/22;00:51:12.6996143940;18/01/22;00:54:20.6436096070;18/01/22;00:54:20.6436096070;755;1000;1002;172;./.git/objects/54
18/01/22;00:51:12.0000000000;17/01/22;16:42:21.0000000000;18/01/22;00:51:12.6996143940;644;1000;1002;545;./.git/objects/54/index.html
18/01/22;00:54:19.0000000000;17/01/22;16:42:38.0000000000;18/01/22;00:54:19.6316096320;644;1000;1002;216;./.git/objects/54/451dfcf6c766a7c246809fd7fdab486dc930b0
18/01/22;00:54:20.0000000000;17/01/22;16:42:38.0000000000;18/01/22;00:54:20.6476096070;644;1000;1002;152;./.git/objects/54/587ae2d24d4f832d25f21dabaa83c440e151d3
18/01/22;00:51:13.7556143670;18/01/22;00:54:21.7196095790;18/01/22;00:54:21.7196095790;755;1000;1002;96;./.git/objects/55
18/01/22;00:51:13.0000000000;17/01/22;16:42:21.0000000000;18/01/22;00:51:13.7636143670;644;1000;1002;444;./.git/objects/55/index.html
18/01/22;00:54:21.0000000000;17/01/22;16:42:38.0000000000;18/01/22;00:54:21.7196095790;644;1000;1002;737;./.git/objects/55/6f0a006817781a66752c6e9862ed028bb8b49f
18/01/22;00:51:14.9396143370;18/01/22;00:54:24.9516094970;18/01/22;00:54:24.9516094970;755;1000;1002;248;./.git/objects/59
18/01/22;00:51:14.0000000000;17/01/22;16:42:21.0000000000;18/01/22;00:51:14.9436143370;644;1000;1002;646;./.git/objects/59/index.html
18/01/22;00:54:22.0000000000;17/01/22;16:42:38.0000000000;18/01/22;00:54:22.8396095510;644;1000;1002;217;./.git/objects/59/98423d0d668d049b32c5ec8efde67831fef89b
18/01/22;00:54:23.0000000000;17/01/22;16:42:38.0000000000;18/01/22;00:54:23.9356095230;644;1000;1002;677;./.git/objects/59/b6637b4ddd6062eadf8198d24c3baab9661ab3
18/01/22;00:54:24.0000000000;17/01/22;16:42:38.0000000000;18/01/22;00:54:24.9556094970;644;1000;1002;169;./.git/objects/59/d418e71a61d69cea453f541d0cce474d47ad38
18/01/22;00:51:16.0036143100;18/01/22;00:54:26.1276094670;18/01/22;00:54:26.1276094670;755;1000;1002;172;./.git/objects/5a
18/01/22;00:51:16.0000000000;17/01/22;16:42:21.0000000000;18/01/22;00:51:16.0076143100;644;1000;1002;545;./.git/objects/5a/index.html
18/01/22;00:54:26.0000000000;17/01/22;16:42:38.0000000000;18/01/22;00:54:26.0996094680;644;1000;1002;739;./.git/objects/5a/22d502e2128a3db19edc6f74c6e7ca02590f21
18/01/22;00:54:26.0000000000;17/01/22;16:42:38.0000000000;18/01/22;00:54:26.1396094670;644;1000;1002;861;./.git/objects/5a/fb91375527e7c2c83e09d5c989318436ef789b
18/01/22;00:51:17.0676142830;18/01/22;00:54:27.5276094310;18/01/22;00:54:27.5276094310;755;1000;1002;96;./.git/objects/5e
18/01/22;00:51:17.0000000000;17/01/22;16:42:21.0000000000;18/01/22;00:51:17.0716142830;644;1000;1002;444;./.git/objects/5e/index.html
18/01/22;00:54:27.0000000000;17/01/22;16:42:38.0000000000;18/01/22;00:54:27.5276094310;644;1000;1002;154;./.git/objects/5e/d115344a09381755143cc3e4718d70e500dfbf
18/01/22;00:51:17.1236142810;18/01/22;00:54:28.6396094030;18/01/22;00:54:28.6396094030;755;1000;1002;96;./.git/objects/5f
18/01/22;00:51:17.0000000000;17/01/22;16:42:21.0000000000;18/01/22;00:51:17.1236142810;644;1000;1002;444;./.git/objects/5f/index.html
18/01/22;00:54:28.0000000000;17/01/22;16:42:38.0000000000;18/01/22;00:54:28.6436094030;644;1000;1002;219;./.git/objects/5f/5a11912079fba013055a2e3b08a3497ac4c5cd
18/01/22;00:51:18.1876142540;18/01/22;00:54:29.7236093750;18/01/22;00:54:29.7236093750;755;1000;1002;96;./.git/objects/62
18/01/22;00:51:18.0000000000;17/01/22;16:42:21.0000000000;18/01/22;00:51:18.1876142540;644;1000;1002;444;./.git/objects/62/index.html
18/01/22;00:54:29.0000000000;17/01/22;16:42:38.0000000000;18/01/22;00:54:29.7276093750;644;1000;1002;599;./.git/objects/62/bfe141a2eef34046aa5fb014615877e0df05e6
18/01/22;00:51:18.2356142530;18/01/22;00:54:30.7836093480;18/01/22;00:54:30.7836093480;755;1000;1002;96;./.git/objects/63
18/01/22;00:51:18.0000000000;17/01/22;16:42:22.0000000000;18/01/22;00:51:18.2356142530;644;1000;1002;444;./.git/objects/63/index.html
18/01/22;00:54:30.0000000000;17/01/22;16:42:38.0000000000;18/01/22;00:54:30.7876093480;644;1000;1002;163;./.git/objects/63/ac7981b2080c9761d6a363c829032b5e36d979
18/01/22;00:51:18.2836142520;18/01/22;00:54:31.8596093210;18/01/22;00:54:31.8596093210;755;1000;1002;96;./.git/objects/66
18/01/22;00:51:18.0000000000;17/01/22;16:42:22.0000000000;18/01/22;00:51:18.2876142520;644;1000;1002;444;./.git/objects/66/index.html
18/01/22;00:54:31.0000000000;17/01/22;16:42:39.0000000000;18/01/22;00:54:31.8596093210;644;1000;1002;130;./.git/objects/66/e1ae08788e5f207c3bee24a403cb75ce0cd419
18/01/22;00:51:19.3316142250;18/01/22;00:54:32.9276092940;18/01/22;00:54:32.9276092940;755;1000;1002;96;./.git/objects/69
18/01/22;00:51:19.0000000000;17/01/22;16:42:22.0000000000;18/01/22;00:51:19.3356142250;644;1000;1002;444;./.git/objects/69/index.html
18/01/22;00:54:32.0000000000;17/01/22;16:42:39.0000000000;18/01/22;00:54:32.9276092940;644;1000;1002;494;./.git/objects/69/68577c291a2d00fe22f4b964ad4d590b38a177
18/01/22;00:51:20.4356141970;18/01/22;00:54:33.9716092670;18/01/22;00:54:33.9716092670;755;1000;1002;96;./.git/objects/6b
18/01/22;00:51:20.0000000000;17/01/22;16:42:22.0000000000;18/01/22;00:51:20.4396141970;644;1000;1002;444;./.git/objects/6b/index.html
18/01/22;00:54:33.0000000000;17/01/22;16:42:39.0000000000;18/01/22;00:54:33.9716092670;644;1000;1002;254;./.git/objects/6b/2b20c075afed6d459de55aa2cc8bd18c867361
18/01/22;00:51:21.5276141690;18/01/22;00:54:35.0516092400;18/01/22;00:54:35.0516092400;755;1000;1002;248;./.git/objects/6c
18/01/22;00:51:21.0000000000;17/01/22;16:42:22.0000000000;18/01/22;00:51:21.5316141690;644;1000;1002;646;./.git/objects/6c/index.html
18/01/22;00:54:34.0000000000;17/01/22;16:42:39.0000000000;18/01/22;00:54:34.9956092410;644;1000;1002;315;./.git/objects/6c/4af1fb2cc19fe97d0d93efc8c5a5e1423ce2fe
18/01/22;00:54:35.0000000000;17/01/22;16:42:39.0000000000;18/01/22;00:54:35.0276092400;644;1000;1002;718;./.git/objects/6c/9fc8359c256bf4314f3974ff59ad9c2ec4e887
18/01/22;00:54:35.0000000000;17/01/22;16:42:39.0000000000;18/01/22;00:54:35.0556092400;644;1000;1002;189;./.git/objects/6c/b3e5ea740fb4fb260702237fd6efefe55f3286
18/01/22;00:51:22.5796141420;18/01/22;00:54:36.0876092130;18/01/22;00:54:36.0876092130;755;1000;1002;96;./.git/objects/6e
18/01/22;00:51:22.0000000000;17/01/22;16:42:22.0000000000;18/01/22;00:51:22.5796141420;644;1000;1002;444;./.git/objects/6e/index.html
18/01/22;00:54:36.0000000000;17/01/22;16:42:39.0000000000;18/01/22;00:54:36.0916092130;644;1000;1002;239;./.git/objects/6e/341ea0702c19b31de8d2e0d87802367b5a6359
18/01/22;00:51:22.6436141410;18/01/22;00:54:36.1076092130;18/01/22;00:54:36.1076092130;755;1000;1002;96;./.git/objects/6f
18/01/22;00:51:22.0000000000;17/01/22;16:42:22.0000000000;18/01/22;00:51:22.6436141410;644;1000;1002;444;./.git/objects/6f/index.html
18/01/22;00:54:36.0000000000;17/01/22;16:42:39.0000000000;18/01/22;00:54:36.1116092130;644;1000;1002;985;./.git/objects/6f/c96121a3e57bef7dbdd017b4384209657ccac3
18/01/22;00:51:23.6876141140;18/01/22;00:54:38.1796091600;18/01/22;00:54:38.1796091600;755;1000;1002;172;./.git/objects/70
18/01/22;00:51:23.0000000000;17/01/22;16:42:22.0000000000;18/01/22;00:51:23.6916141140;644;1000;1002;545;./.git/objects/70/index.html
18/01/22;00:54:37.0000000000;17/01/22;16:42:39.0000000000;18/01/22;00:54:37.1396091870;644;1000;1002;160;./.git/objects/70/08d3579e7bb6dd7b35e12136d628c529eec1e3
18/01/22;00:54:38.0000000000;17/01/22;16:42:39.0000000000;18/01/22;00:54:38.1836091600;644;1000;1002;675;./.git/objects/70/ade2d5304152e8d0771fdd14a59e39d706cb80
18/01/22;00:51:24.7356140870;18/01/22;00:54:39.3196091310;18/01/22;00:54:39.3196091310;755;1000;1002;96;./.git/objects/72
18/01/22;00:51:24.0000000000;17/01/22;16:42:22.0000000000;18/01/22;00:51:24.7356140870;644;1000;1002;444;./.git/objects/72/index.html
18/01/22;00:54:39.0000000000;17/01/22;16:42:39.0000000000;18/01/22;00:54:39.3236091310;644;1000;1002;2134;./.git/objects/72/814c8882686e59d73e8cb2d653f52b2dd0f34d
18/01/22;00:51:24.8196140850;18/01/22;00:54:40.3956091040;18/01/22;00:54:40.3956091040;755;1000;1002;172;./.git/objects/73
18/01/22;00:51:24.0000000000;17/01/22;16:42:22.0000000000;18/01/22;00:51:24.8196140850;644;1000;1002;545;./.git/objects/73/index.html
18/01/22;00:54:40.0000000000;17/01/22;16:42:39.0000000000;18/01/22;00:54:40.3556091050;644;1000;1002;173;./.git/objects/73/3681441e0828ffd62defd321354f0e662840c5
18/01/22;00:54:40.0000000000;17/01/22;16:42:39.0000000000;18/01/22;00:54:40.3996091030;644;1000;1002;750;./.git/objects/73/60dfb9fe879c65606ee21a6169efabb343e1ab
18/01/22;00:51:25.9156140570;18/01/22;00:54:42.4716090510;18/01/22;00:54:42.4716090510;755;1000;1002;172;./.git/objects/76
18/01/22;00:51:25.0000000000;17/01/22;16:42:22.0000000000;18/01/22;00:51:25.9196140570;644;1000;1002;545;./.git/objects/76/index.html
18/01/22;00:54:41.0000000000;17/01/22;16:42:39.0000000000;18/01/22;00:54:41.4596090760;644;1000;1002;705;./.git/objects/76/17a29d17709319d0c04a6a52f9fa3967c09fd3
18/01/22;00:54:42.0000000000;17/01/22;16:42:39.0000000000;18/01/22;00:54:42.4756090510;644;1000;1002;322;./.git/objects/76/8773743f627aac98460d16caa7397bf08c6b01
18/01/22;00:51:27.0156140290;18/01/22;00:54:43.4956090250;18/01/22;00:54:43.4956090250;755;1000;1002;96;./.git/objects/77
18/01/22;00:51:27.0000000000;17/01/22;16:42:23.0000000000;18/01/22;00:51:27.0236140290;644;1000;1002;444;./.git/objects/77/index.html
18/01/22;00:54:43.0000000000;17/01/22;16:42:40.0000000000;18/01/22;00:54:43.4996090250;644;1000;1002;272;./.git/objects/77/9b4db52a898cda460f0aff9bdd180a80168e07
18/01/22;00:51:28.0836140020;18/01/22;00:54:44.5396089980;18/01/22;00:54:44.5396089980;755;1000;1002;96;./.git/objects/79
18/01/22;00:51:28.0000000000;17/01/22;16:42:23.0000000000;18/01/22;00:51:28.0836140020;644;1000;1002;444;./.git/objects/79/index.html
18/01/22;00:54:44.0000000000;17/01/22;16:42:40.0000000000;18/01/22;00:54:44.5436089980;644;1000;1002;86;./.git/objects/79/d9c06bf33bfa0bb82419b963f4e0c8b947dbd2
18/01/22;00:51:29.1836139740;18/01/22;00:54:45.5796089720;18/01/22;00:54:45.5796089720;755;1000;1002;96;./.git/objects/7a
18/01/22;00:51:29.0000000000;17/01/22;16:42:23.0000000000;18/01/22;00:51:29.1876139740;644;1000;1002;444;./.git/objects/7a/index.html
18/01/22;00:54:45.0000000000;17/01/22;16:42:40.0000000000;18/01/22;00:54:45.5916089710;644;1000;1002;869;./.git/objects/7a/d7feba1fd7a2d56fb9e27923cb02ccd28311cd
18/01/22;00:51:30.5116139400;18/01/22;00:54:46.6636089440;18/01/22;00:54:46.6636089440;755;1000;1002;96;./.git/objects/80
18/01/22;00:51:30.0000000000;17/01/22;16:42:23.0000000000;18/01/22;00:51:30.5156139400;644;1000;1002;444;./.git/objects/80/index.html
18/01/22;00:54:46.0000000000;17/01/22;16:42:40.0000000000;18/01/22;00:54:46.6636089440;644;1000;1002;925;./.git/objects/80/12c5d780a45e3f0a31dbc545928bd962c1c209
18/01/22;00:51:31.5836139130;18/01/22;00:54:47.6836089180;18/01/22;00:54:47.6836089180;755;1000;1002;96;./.git/objects/83
18/01/22;00:51:31.0000000000;17/01/22;16:42:23.0000000000;18/01/22;00:51:31.5836139130;644;1000;1002;444;./.git/objects/83/index.html
18/01/22;00:54:47.0000000000;17/01/22;16:42:40.0000000000;18/01/22;00:54:47.6876089180;644;1000;1002;3510;./.git/objects/83/0377aaf7414bd9475386596c522328662b93a2
18/01/22;00:51:32.6356138860;18/01/22;00:54:47.7036089170;18/01/22;00:54:47.7036089170;755;1000;1002;96;./.git/objects/86
18/01/22;00:51:32.0000000000;17/01/22;16:42:23.0000000000;18/01/22;00:51:32.6436138860;644;1000;1002;444;./.git/objects/86/index.html
18/01/22;00:54:47.0000000000;17/01/22;16:42:40.0000000000;18/01/22;00:54:47.7076089170;644;1000;1002;153;./.git/objects/86/b7449345fab33c1b58128632d135f49707abb8
18/01/22;00:51:33.7196138590;18/01/22;00:54:50.8636088370;18/01/22;00:54:50.8636088370;755;1000;1002;324;./.git/objects/87
18/01/22;00:51:33.0000000000;17/01/22;16:42:23.0000000000;18/01/22;00:51:33.7316138580;644;1000;1002;747;./.git/objects/87/index.html
18/01/22;00:54:48.0000000000;17/01/22;16:42:40.0000000000;18/01/22;00:54:48.7676088900;644;1000;1002;290;./.git/objects/87/051611279066b9526716e7f662bb2ee658649a
18/01/22;00:54:49.0000000000;17/01/22;16:42:40.0000000000;18/01/22;00:54:49.7996088640;644;1000;1002;187;./.git/objects/87/365f98d907124acf13d5596a19accaeb883084
18/01/22;00:54:49.0000000000;17/01/22;16:42:40.0000000000;18/01/22;00:54:49.8316088630;644;1000;1002;792;./.git/objects/87/621379d5fcd8415a4a5c7238dbdc0b0ce2c8fe
18/01/22;00:54:50.0000000000;17/01/22;16:42:40.0000000000;18/01/22;00:54:50.8676088370;644;1000;1002;774;./.git/objects/87/91c8175e35c046cb9e17e8901b56f98f92fb0c
18/01/22;00:51:33.7996138570;18/01/22;00:54:52.9236087840;18/01/22;00:54:52.9236087840;755;1000;1002;172;./.git/objects/88
18/01/22;00:51:33.0000000000;17/01/22;16:42:23.0000000000;18/01/22;00:51:33.7996138570;644;1000;1002;545;./.git/objects/88/index.html
18/01/22;00:54:51.0000000000;17/01/22;16:42:40.0000000000;18/01/22;00:54:51.8916088110;644;1000;1002;198;./.git/objects/88/00699501a1d6b1aa576ed7aa05d5b6ef522955
18/01/22;00:54:52.0000000000;17/01/22;16:42:40.0000000000;18/01/22;00:54:52.9316087840;644;1000;1002;664;./.git/objects/88/467c6e2b0e911989478002d6b262c675b554b8
18/01/22;00:51:33.8396138560;18/01/22;00:54:53.9956087570;18/01/22;00:54:53.9956087570;755;1000;1002;96;./.git/objects/8c
18/01/22;00:51:33.0000000000;17/01/22;16:42:23.0000000000;18/01/22;00:51:33.8436138550;644;1000;1002;444;./.git/objects/8c/index.html
18/01/22;00:54:53.0000000000;17/01/22;16:42:40.0000000000;18/01/22;00:54:53.9996087570;644;1000;1002;186;./.git/objects/8c/727fad88491b0108f9ecf5ce2dcbb2333400db
18/01/22;00:51:34.8956138290;18/01/22;00:54:55.1156087290;18/01/22;00:54:55.1156087290;755;1000;1002;96;./.git/objects/8e
18/01/22;00:51:34.0000000000;17/01/22;16:42:23.0000000000;18/01/22;00:51:34.8996138290;644;1000;1002;444;./.git/objects/8e/index.html
18/01/22;00:54:55.0000000000;17/01/22;16:42:40.0000000000;18/01/22;00:54:55.1156087290;644;1000;1002;822;./.git/objects/8e/fc068d12ffda9194d78609c0a478f60c45b477
18/01/22;00:51:35.9796138010;18/01/22;00:54:56.1636087020;18/01/22;00:54:56.1636087020;755;1000;1002;96;./.git/objects/8f
18/01/22;00:51:35.0000000000;17/01/22;16:42:23.0000000000;18/01/22;00:51:35.9836138010;644;1000;1002;444;./.git/objects/8f/index.html
18/01/22;00:54:56.0000000000;17/01/22;16:42:40.0000000000;18/01/22;00:54:56.1636087020;644;1000;1002;914;./.git/objects/8f/dd320baa605b179a68b7302104a31f2ab2eb1b
18/01/22;00:51:37.0756137730;18/01/22;00:54:57.2196086750;18/01/22;00:54:57.2196086750;755;1000;1002;172;./.git/objects/92
18/01/22;00:51:37.0000000000;17/01/22;16:42:24.0000000000;18/01/22;00:51:37.0756137730;644;1000;1002;545;./.git/objects/92/index.html
18/01/22;00:54:57.0000000000;17/01/22;16:42:40.0000000000;18/01/22;00:54:57.2076086750;644;1000;1002;129;./.git/objects/92/45e8213d02d8a19f25df8002bf99618be459ab
18/01/22;00:54:57.0000000000;17/01/22;16:42:40.0000000000;18/01/22;00:54:57.2276086750;644;1000;1002;684;./.git/objects/92/c013322145667064b5889e416696acac5a6fad
18/01/22;00:51:37.1196137720;18/01/22;00:54:57.2876086730;18/01/22;00:54:57.2876086730;755;1000;1002;96;./.git/objects/96
18/01/22;00:51:37.0000000000;17/01/22;16:42:24.0000000000;18/01/22;00:51:37.1196137720;644;1000;1002;444;./.git/objects/96/index.html
18/01/22;00:54:57.0000000000;17/01/22;16:42:41.0000000000;18/01/22;00:54:57.2916086730;644;1000;1002;826;./.git/objects/96/8cf82e6d2239ac8a90be1391295f4811387273
18/01/22;00:51:37.1836137700;18/01/22;00:54:58.3396086460;18/01/22;00:54:58.3396086460;755;1000;1002;96;./.git/objects/97
18/01/22;00:51:37.0000000000;17/01/22;16:42:24.0000000000;18/01/22;00:51:37.1876137700;644;1000;1002;444;./.git/objects/97/index.html
18/01/22;00:54:58.0000000000;17/01/22;16:42:41.0000000000;18/01/22;00:54:58.3396086460;644;1000;1002;307;./.git/objects/97/663da13f98bce9ddde435e71d6b763d2471467
18/01/22;00:51:38.2156137440;18/01/22;00:55:00.3996085940;18/01/22;00:55:00.3996085940;755;1000;1002;172;./.git/objects/9a
18/01/22;00:51:38.0000000000;17/01/22;16:42:24.0000000000;18/01/22;00:51:38.2156137440;644;1000;1002;545;./.git/objects/9a/index.html
18/01/22;00:54:59.0000000000;17/01/22;16:42:41.0000000000;18/01/22;00:54:59.3676086200;644;1000;1002;670;./.git/objects/9a/76f1a8e232f4cd84b523cf2ee8d5dc38e0cf86
18/01/22;00:55:00.0000000000;17/01/22;16:42:41.0000000000;18/01/22;00:55:00.4036085940;644;1000;1002;118;./.git/objects/9a/a3aa1da82acd7fcb5718bc3d1dff5e544d5293
18/01/22;00:51:38.2756137430;18/01/22;00:55:01.4436085670;18/01/22;00:55:01.4436085670;755;1000;1002;96;./.git/objects/9b
18/01/22;00:51:38.0000000000;17/01/22;16:42:24.0000000000;18/01/22;00:51:38.2836137420;644;1000;1002;444;./.git/objects/9b/index.html
18/01/22;00:55:01.0000000000;17/01/22;16:42:41.0000000000;18/01/22;00:55:01.4476085670;644;1000;1002;162;./.git/objects/9b/7d0cf0c64550b5b4c1d7be9e1b695302cb4dbe
18/01/22;00:51:39.3356137160;18/01/22;00:55:02.4876085410;18/01/22;00:55:02.4876085410;755;1000;1002;96;./.git/objects/9e
18/01/22;00:51:39.0000000000;17/01/22;16:42:24.0000000000;18/01/22;00:51:39.3436137150;644;1000;1002;444;./.git/objects/9e/index.html
18/01/22;00:55:02.0000000000;17/01/22;16:42:41.0000000000;18/01/22;00:55:02.4956085410;644;1000;1002;881;./.git/objects/9e/9e3b0486d3e6e25c238a4b3dd5afcfca3189d6
18/01/22;00:51:40.3836136890;18/01/22;00:55:03.6236085120;18/01/22;00:55:03.6236085120;755;1000;1002;96;./.git/objects/9f
18/01/22;00:51:40.0000000000;17/01/22;16:42:24.0000000000;18/01/22;00:51:40.3916136890;644;1000;1002;444;./.git/objects/9f/index.html
18/01/22;00:55:03.0000000000;17/01/22;16:42:41.0000000000;18/01/22;00:55:03.6276085120;644;1000;1002;752;./.git/objects/9f/75f2e3e944ae62920ff1b75c4697887adceead
18/01/22;00:51:41.4676136610;18/01/22;00:55:04.7996084820;18/01/22;00:55:04.7996084820;755;1000;1002;172;./.git/objects/a0
18/01/22;00:51:41.0000000000;17/01/22;16:42:24.0000000000;18/01/22;00:51:41.4716136610;644;1000;1002;545;./.git/objects/a0/index.html
18/01/22;00:55:04.0000000000;17/01/22;16:42:41.0000000000;18/01/22;00:55:04.6676084850;644;1000;1002;243;./.git/objects/a0/4750e26bbd7c87aee6953301dc6d80cf3e163a
18/01/22;00:55:04.0000000000;17/01/22;16:42:41.0000000000;18/01/22;00:55:04.8076084820;644;1000;1002;161;./.git/objects/a0/773a5a3e8a8a8fb7eeef3caa4961ed11302b6b
18/01/22;00:51:42.5196136340;18/01/22;00:55:04.8956084800;18/01/22;00:55:04.8956084800;755;1000;1002;96;./.git/objects/a1
18/01/22;00:51:42.0000000000;17/01/22;16:42:24.0000000000;18/01/22;00:51:42.5236136340;644;1000;1002;444;./.git/objects/a1/index.html
18/01/22;00:55:04.0000000000;17/01/22;16:42:41.0000000000;18/01/22;00:55:04.8956084800;644;1000;1002;145;./.git/objects/a1/583f8e018c05b61e24e37aac979cadb54f2343
18/01/22;00:51:43.5596136080;18/01/22;00:55:05.9356084530;18/01/22;00:55:05.9356084530;755;1000;1002;96;./.git/objects/a3
18/01/22;00:51:43.0000000000;17/01/22;16:42:24.0000000000;18/01/22;00:51:43.5596136080;644;1000;1002;444;./.git/objects/a3/index.html
18/01/22;00:55:05.0000000000;17/01/22;16:42:41.0000000000;18/01/22;00:55:05.9436084530;644;1000;1002;142;./.git/objects/a3/426bb01656fb519a3adc5a2f01f41875f9314b
18/01/22;00:51:44.6476135800;18/01/22;00:55:07.0076084260;18/01/22;00:55:07.0076084260;755;1000;1002;172;./.git/objects/a4
18/01/22;00:51:44.0000000000;17/01/22;16:42:24.0000000000;18/01/22;00:51:44.6516135800;644;1000;1002;545;./.git/objects/a4/index.html
18/01/22;00:55:05.0000000000;17/01/22;16:42:41.0000000000;18/01/22;00:55:05.9596084520;644;1000;1002;651;./.git/objects/a4/1ea4c0c34b23ceac4d0ee412d749a7ad2c5384
18/01/22;00:55:07.0000000000;17/01/22;16:42:41.0000000000;18/01/22;00:55:07.0116084260;644;1000;1002;762;./.git/objects/a4/f1b253b132b1de81e0446c7f80992e56a8588b
18/01/22;00:51:45.7036135530;18/01/22;00:55:07.0676084240;18/01/22;00:55:07.0676084240;755;1000;1002;96;./.git/objects/a9
18/01/22;00:51:45.0000000000;17/01/22;16:42:24.0000000000;18/01/22;00:51:45.7076135530;644;1000;1002;444;./.git/objects/a9/index.html
18/01/22;00:55:07.0000000000;17/01/22;16:42:41.0000000000;18/01/22;00:55:07.0716084240;644;1000;1002;682;./.git/objects/a9/04d4830bc1b0238dc7d8078c1a1a67965d0cb4
18/01/22;00:51:46.7636135260;18/01/22;00:55:08.2196083950;18/01/22;00:55:08.2196083950;755;1000;1002;96;./.git/objects/aa
18/01/22;00:51:46.0000000000;17/01/22;16:42:24.0000000000;18/01/22;00:51:46.7636135260;644;1000;1002;444;./.git/objects/aa/index.html
18/01/22;00:55:08.0000000000;17/01/22;16:42:42.0000000000;18/01/22;00:55:08.2276083950;644;1000;1002;698;./.git/objects/aa/b87489a560d3630cfe52426a71c45091fb3b76
18/01/22;00:51:47.7956135000;18/01/22;00:55:08.2436083940;18/01/22;00:55:08.2436083940;755;1000;1002;96;./.git/objects/ab
18/01/22;00:51:47.0000000000;17/01/22;16:42:25.0000000000;18/01/22;00:51:47.7956135000;644;1000;1002;444;./.git/objects/ab/index.html
18/01/22;00:55:08.0000000000;17/01/22;16:42:42.0000000000;18/01/22;00:55:08.3036083930;644;1000;1002;287;./.git/objects/ab/2e0a4b1d82c30c969730707b894a93d7313cad
18/01/22;00:51:47.8356134990;18/01/22;00:55:09.3876083650;18/01/22;00:55:09.3876083650;755;1000;1002;96;./.git/objects/ac
18/01/22;00:51:47.0000000000;17/01/22;16:42:25.0000000000;18/01/22;00:51:47.8396134990;644;1000;1002;444;./.git/objects/ac/index.html
18/01/22;00:55:09.0000000000;17/01/22;16:42:42.0000000000;18/01/22;00:55:09.3916083650;644;1000;1002;841;./.git/objects/ac/f1f2f9c37c2984e4b4ca8fc21c4b117403f996
18/01/22;00:51:47.8876134980;18/01/22;00:55:10.4276083390;18/01/22;00:55:10.4276083390;755;1000;1002;96;./.git/objects/ad
18/01/22;00:51:47.0000000000;17/01/22;16:42:25.0000000000;18/01/22;00:51:47.8876134980;644;1000;1002;444;./.git/objects/ad/index.html
18/01/22;00:55:10.0000000000;17/01/22;16:42:42.0000000000;18/01/22;00:55:10.4396083380;644;1000;1002;694;./.git/objects/ad/ac23d62dfee87cebdd52daa6ba137db38f43af
18/01/22;00:51:48.9436134710;18/01/22;00:55:11.5516083100;18/01/22;00:55:11.5516083100;755;1000;1002;96;./.git/objects/b1
18/01/22;00:51:48.0000000000;17/01/22;16:42:25.0000000000;18/01/22;00:51:48.9476134710;644;1000;1002;444;./.git/objects/b1/index.html
18/01/22;00:55:11.0000000000;17/01/22;16:42:42.0000000000;18/01/22;00:55:11.5556083100;644;1000;1002;170;./.git/objects/b1/3a24ff68b482ece7f0c0a1ed585872758e5e66
18/01/22;00:51:50.0396134430;18/01/22;00:55:12.7116082800;18/01/22;00:55:12.7116082800;755;1000;1002;96;./.git/objects/b6
18/01/22;00:51:50.0000000000;17/01/22;16:42:25.0000000000;18/01/22;00:51:50.0476134430;644;1000;1002;444;./.git/objects/b6/index.html
18/01/22;00:55:12.0000000000;17/01/22;16:42:42.0000000000;18/01/22;00:55:12.7196082800;644;1000;1002;638;./.git/objects/b6/f7d493aef77302485d3010c00b719c86eb3aca
18/01/22;00:51:51.1196134150;18/01/22;00:55:14.8676082250;18/01/22;00:55:14.8676082250;755;1000;1002;172;./.git/objects/bc
18/01/22;00:51:51.0000000000;17/01/22;16:42:25.0000000000;18/01/22;00:51:51.1236134150;644;1000;1002;545;./.git/objects/bc/index.html
18/01/22;00:55:13.0000000000;17/01/22;16:42:42.0000000000;18/01/22;00:55:13.7916082530;644;1000;1002;617;./.git/objects/bc/0aa77b93dd2df93c2cbbde1bce350ea140b145
18/01/22;00:55:14.0000000000;17/01/22;16:42:42.0000000000;18/01/22;00:55:14.8716082250;644;1000;1002;619;./.git/objects/bc/419b628e44b20c73a6d6a0cfa3d2af5022e87f
18/01/22;00:51:52.1876133880;18/01/22;00:55:15.9356081980;18/01/22;00:55:15.9356081980;755;1000;1002;96;./.git/objects/c3
18/01/22;00:51:52.0000000000;17/01/22;16:42:25.0000000000;18/01/22;00:51:52.1916133880;644;1000;1002;444;./.git/objects/c3/index.html
18/01/22;00:55:15.0000000000;17/01/22;16:42:42.0000000000;18/01/22;00:55:15.9476081980;644;1000;1002;179;./.git/objects/c3/2fd1ee9ce47aeb2234511ea242b8879196de8a
18/01/22;00:51:53.2476133610;18/01/22;00:55:15.9716081970;18/01/22;00:55:15.9716081970;755;1000;1002;96;./.git/objects/c4
18/01/22;00:51:53.0000000000;17/01/22;16:42:25.0000000000;18/01/22;00:51:53.2516133610;644;1000;1002;444;./.git/objects/c4/index.html
18/01/22;00:55:15.0000000000;17/01/22;16:42:42.0000000000;18/01/22;00:55:15.9756081970;644;1000;1002;498;./.git/objects/c4/0a7aa5191b3af9ac95ee03c9499622fd36bf13
18/01/22;00:51:54.2916133350;18/01/22;00:55:17.0316081700;18/01/22;00:55:17.0316081700;755;1000;1002;96;./.git/objects/c9
18/01/22;00:51:54.0000000000;17/01/22;16:42:25.0000000000;18/01/22;00:51:54.2956133350;644;1000;1002;444;./.git/objects/c9/index.html
18/01/22;00:55:17.0000000000;17/01/22;16:42:42.0000000000;18/01/22;00:55:17.0356081700;644;1000;1002;789;./.git/objects/c9/5fdfb47abfd16a07d85c43ea5490a9511cfc50
18/01/22;00:51:55.4476133050;18/01/22;00:55:18.0516081440;18/01/22;00:55:18.0516081440;755;1000;1002;96;./.git/objects/cc
18/01/22;00:51:55.0000000000;17/01/22;16:42:25.0000000000;18/01/22;00:51:55.4516133050;644;1000;1002;444;./.git/objects/cc/index.html
18/01/22;00:55:18.0000000000;17/01/22;16:42:42.0000000000;18/01/22;00:55:18.0516081440;644;1000;1002;158;./.git/objects/cc/728bfb546aa558429d6bf101b8c22436570a86
18/01/22;00:51:56.7796132710;18/01/22;00:55:19.0716081180;18/01/22;00:55:19.0716081180;755;1000;1002;96;./.git/objects/cd
18/01/22;00:51:56.0000000000;17/01/22;16:42:25.0000000000;18/01/22;00:51:56.7796132710;644;1000;1002;444;./.git/objects/cd/index.html
18/01/22;00:55:19.0000000000;17/01/22;16:42:42.0000000000;18/01/22;00:55:19.0796081180;644;1000;1002;239;./.git/objects/cd/2b452611f2aa2d1f142eb1f173f48724b26bef
18/01/22;00:51:57.8316132440;18/01/22;00:55:19.1476081160;18/01/22;00:55:19.1476081160;755;1000;1002;96;./.git/objects/d1
18/01/22;00:51:57.0000000000;17/01/22;16:42:25.0000000000;18/01/22;00:51:57.8356132440;644;1000;1002;444;./.git/objects/d1/index.html
18/01/22;00:55:19.0000000000;17/01/22;16:42:43.0000000000;18/01/22;00:55:19.1556081160;644;1000;1002;439;./.git/objects/d1/08c62936858de451f25063ae23a9e88781d53f
18/01/22;00:51:58.8996132170;18/01/22;00:55:20.1836080900;18/01/22;00:55:20.1836080900;755;1000;1002;96;./.git/objects/d3
18/01/22;00:51:58.0000000000;17/01/22;16:42:26.0000000000;18/01/22;00:51:58.8996132170;644;1000;1002;444;./.git/objects/d3/index.html
18/01/22;00:55:20.0000000000;17/01/22;16:42:43.0000000000;18/01/22;00:55:20.1876080900;644;1000;1002;144;./.git/objects/d3/dd61f8ae628df64a3f29087bef42b45da97475
18/01/22;00:51:59.9796131900;18/01/22;00:55:22.2796080370;18/01/22;00:55:22.2796080370;755;1000;1002;172;./.git/objects/d4
18/01/22;00:51:59.0000000000;17/01/22;16:42:26.0000000000;18/01/22;00:51:59.9876131900;644;1000;1002;545;./.git/objects/d4/index.html
18/01/22;00:55:21.0000000000;17/01/22;16:42:43.0000000000;18/01/22;00:55:21.2156080640;644;1000;1002;698;./.git/objects/d4/b006c627398f3d211a666305bad19b34649c83
18/01/22;00:55:22.0000000000;17/01/22;16:42:43.0000000000;18/01/22;00:55:22.2796080370;644;1000;1002;79;./.git/objects/d4/b56f5886eaa6217ebc261b69bd103986ce4d9c
18/01/22;00:52:01.0516131620;18/01/22;00:55:24.3876079830;18/01/22;00:55:24.3876079830;755;1000;1002;172;./.git/objects/d9
18/01/22;00:52:01.0000000000;17/01/22;16:42:26.0000000000;18/01/22;00:52:01.0516131620;644;1000;1002;545;./.git/objects/d9/index.html
18/01/22;00:55:23.0000000000;17/01/22;16:42:43.0000000000;18/01/22;00:55:23.3716080090;644;1000;1002;619;./.git/objects/d9/ee2c6f0ae76c82d3c89d38475f34292b401bf4
18/01/22;00:55:24.0000000000;17/01/22;16:42:43.0000000000;18/01/22;00:55:24.3956079830;644;1000;1002;235;./.git/objects/d9/f07d71f61518ff1a0f4f1f72e06215793281f4
18/01/22;00:52:02.1276131350;18/01/22;00:55:24.4156079820;18/01/22;00:55:24.4156079820;755;1000;1002;96;./.git/objects/da
18/01/22;00:52:02.0000000000;17/01/22;16:42:26.0000000000;18/01/22;00:52:02.1316131350;644;1000;1002;444;./.git/objects/da/index.html
18/01/22;00:55:24.0000000000;17/01/22;16:42:43.0000000000;18/01/22;00:55:24.4196079820;644;1000;1002;200;./.git/objects/da/3fdf1fd34d7a31c68b113f00dc223a719bbf11
18/01/22;00:52:03.1636131090;18/01/22;00:55:24.4436079820;18/01/22;00:55:24.4436079820;755;1000;1002;96;./.git/objects/dc
18/01/22;00:52:03.0000000000;17/01/22;16:42:26.0000000000;18/01/22;00:52:03.1676131090;644;1000;1002;444;./.git/objects/dc/index.html
18/01/22;00:55:24.0000000000;17/01/22;16:42:43.0000000000;18/01/22;00:55:24.4516079810;644;1000;1002;270;./.git/objects/dc/e69804929746fd0f064b4ae61f41f7e703dfb8
18/01/22;00:52:04.2396130810;18/01/22;00:55:25.5076079540;18/01/22;00:55:25.5076079540;755;1000;1002;96;./.git/objects/e2
18/01/22;00:52:04.0000000000;17/01/22;16:42:26.0000000000;18/01/22;00:52:04.2396130810;644;1000;1002;444;./.git/objects/e2/index.html
18/01/22;00:55:25.0000000000;17/01/22;16:42:43.0000000000;18/01/22;00:55:25.5076079540;644;1000;1002;1222;./.git/objects/e2/cdc7bc3e9e9f07fb43ba212e45b3a647be4a9e
18/01/22;00:52:04.3236130790;18/01/22;00:55:27.5556079020;18/01/22;00:55:27.5556079020;755;1000;1002;172;./.git/objects/e4
18/01/22;00:52:04.0000000000;17/01/22;16:42:26.0000000000;18/01/22;00:52:04.3236130790;644;1000;1002;545;./.git/objects/e4/index.html
18/01/22;00:55:26.0000000000;17/01/22;16:42:43.0000000000;18/01/22;00:55:26.5396079280;644;1000;1002;214;./.git/objects/e4/24bcae539ff820aedba392bcfc728a0312ce8c
18/01/22;00:55:27.0000000000;17/01/22;16:42:43.0000000000;18/01/22;00:55:27.5596079020;644;1000;1002;372;./.git/objects/e4/3fa13b2002272fa61bb7bb4a968da36f3e4286
18/01/22;00:52:05.3836130520;18/01/22;00:55:28.5996078760;18/01/22;00:55:28.5996078760;755;1000;1002;96;./.git/objects/e5
18/01/22;00:52:05.0000000000;17/01/22;16:42:26.0000000000;18/01/22;00:52:05.3836130520;644;1000;1002;444;./.git/objects/e5/index.html
18/01/22;00:55:28.0000000000;17/01/22;16:42:43.0000000000;18/01/22;00:55:28.6036078760;644;1000;1002;696;./.git/objects/e5/c150fb43806ce5a0fca41f9d654110518b4a16
18/01/22;00:52:06.4396130250;18/01/22;00:55:29.7036078480;18/01/22;00:55:29.7036078480;755;1000;1002;96;./.git/objects/e6
18/01/22;00:52:06.0000000000;17/01/22;16:42:27.0000000000;18/01/22;00:52:06.4396130250;644;1000;1002;444;./.git/objects/e6/index.html
18/01/22;00:55:29.0000000000;17/01/22;16:42:43.0000000000;18/01/22;00:55:29.7076078470;644;1000;1002;296;./.git/objects/e6/d0d527a2f2082eb72f0a8c6824ba3e65c5bc38
18/01/22;00:52:07.4796129990;18/01/22;00:55:30.8076078190;18/01/22;00:55:30.8076078190;755;1000;1002;96;./.git/objects/e8
18/01/22;00:52:07.0000000000;17/01/22;16:42:27.0000000000;18/01/22;00:52:07.4876129980;644;1000;1002;444;./.git/objects/e8/index.html
18/01/22;00:55:30.0000000000;17/01/22;16:42:43.0000000000;18/01/22;00:55:30.8076078190;644;1000;1002;358;./.git/objects/e8/b2e01d54daa121f230467a60b057521a7d78d7
18/01/22;00:52:08.7036129680;18/01/22;00:55:32.9396077650;18/01/22;00:55:32.9396077650;755;1000;1002;172;./.git/objects/ec
18/01/22;00:52:08.0000000000;17/01/22;16:42:27.0000000000;18/01/22;00:52:08.7076129670;644;1000;1002;545;./.git/objects/ec/index.html
18/01/22;00:55:31.0000000000;17/01/22;16:42:43.0000000000;18/01/22;00:55:31.8916077920;644;1000;1002;2127;./.git/objects/ec/3f4a9a166b6deaca049ab28e2b10dfb1ec0b03
18/01/22;00:55:32.0000000000;17/01/22;16:42:43.0000000000;18/01/22;00:55:32.9436077650;644;1000;1002;263;./.git/objects/ec/6c81cc049cc36d4b519c6031f2d8cdbfccf45b
18/01/22;00:52:09.7436129410;18/01/22;00:55:33.9716077390;18/01/22;00:55:33.9716077390;755;1000;1002;96;./.git/objects/f1
18/01/22;00:52:09.0000000000;17/01/22;16:42:27.0000000000;18/01/22;00:52:09.7476129410;644;1000;1002;444;./.git/objects/f1/index.html
18/01/22;00:55:33.0000000000;17/01/22;16:42:43.0000000000;18/01/22;00:55:33.9756077390;644;1000;1002;200;./.git/objects/f1/b6f18ed7c41681e01e750e605d14479dd1a8bb
18/01/22;00:52:10.9556129100;18/01/22;00:55:35.0116077120;18/01/22;00:55:35.0116077120;755;1000;1002;96;./.git/objects/f4
18/01/22;00:52:10.0000000000;17/01/22;16:42:27.0000000000;18/01/22;00:52:10.9596129100;644;1000;1002;444;./.git/objects/f4/index.html
18/01/22;00:55:35.0000000000;17/01/22;16:42:43.0000000000;18/01/22;00:55:35.0156077120;644;1000;1002;164;./.git/objects/f4/575ba4a17fab32ce6cd3620a4f085acdf1978b
18/01/22;00:52:12.0716128820;18/01/22;00:55:36.0956076850;18/01/22;00:55:36.0956076850;755;1000;1002;96;./.git/objects/f8
18/01/22;00:52:12.0000000000;17/01/22;16:42:27.0000000000;18/01/22;00:52:12.0796128820;644;1000;1002;444;./.git/objects/f8/index.html
18/01/22;00:55:36.0000000000;17/01/22;16:42:44.0000000000;18/01/22;00:55:36.0956076850;644;1000;1002;401;./.git/objects/f8/e6716799f65d229d3eadf3042c34e5b364dbe8
18/01/22;00:52:12.1316128800;18/01/22;00:55:38.2436076300;18/01/22;00:55:38.2436076300;755;1000;1002;172;./.git/objects/fe
18/01/22;00:52:12.0000000000;17/01/22;16:42:28.0000000000;18/01/22;00:52:12.1316128800;644;1000;1002;545;./.git/objects/fe/index.html
18/01/22;00:55:37.0000000000;17/01/22;16:42:44.0000000000;18/01/22;00:55:37.1796076570;644;1000;1002;352;./.git/objects/fe/68494f83609a80cd4bcf58ba7150c56f49daec
18/01/22;00:55:38.0000000000;17/01/22;16:42:44.0000000000;18/01/22;00:55:38.2476076300;644;1000;1002;753;./.git/objects/fe/df13d59d4d822a3201e351f6a8aa4d1f7696e7
18/01/22;00:52:12.2076128780;18/01/22;00:55:41.3476075510;18/01/22;00:55:41.3476075510;755;1000;1002;248;./.git/objects/ff
18/01/22;00:52:12.0000000000;17/01/22;16:42:28.0000000000;18/01/22;00:52:12.2076128780;644;1000;1002;646;./.git/objects/ff/index.html
18/01/22;00:55:39.0000000000;17/01/22;16:42:44.0000000000;18/01/22;00:55:39.2956076030;644;1000;1002;838;./.git/objects/ff/501a4d15be5ae87a195c45410daa8cfa71532e
18/01/22;00:55:40.0000000000;17/01/22;16:42:44.0000000000;18/01/22;00:55:40.3316075770;644;1000;1002;1015;./.git/objects/ff/b0353f9d566cb8b7e19ac03a55599b02f5df1f
18/01/22;00:55:41.0000000000;17/01/22;16:42:44.0000000000;18/01/22;00:55:41.3516075510;644;1000;1002;286;./.git/objects/ff/d8c1afae6a2b50c1f8ff489c8416062a47e024
18/01/22;00:52:13.3316128500;18/01/22;00:52:13.3316128500;18/01/22;00:52:13.3316128500;755;1000;1002;20;./.git/objects/info
18/01/22;00:52:13.0000000000;17/01/22;16:42:28.0000000000;18/01/22;00:52:13.3356128500;644;1000;1002;347;./.git/objects/info/index.html
18/01/22;00:52:14.4556128210;18/01/22;00:52:14.4556128210;18/01/22;00:52:14.4556128210;755;1000;1002;20;./.git/objects/pack
18/01/22;00:52:14.0000000000;17/01/22;16:42:28.0000000000;18/01/22;00:52:14.4556128210;644;1000;1002;347;./.git/objects/pack/index.html
18/01/22;00:49:56.7236163290;18/01/22;00:52:15.5716127930;18/01/22;00:52:15.5716127930;755;1000;1002;38;./.git/refs
18/01/22;00:49:56.0000000000;17/01/22;16:42:14.0000000000;18/01/22;00:49:56.7356163290;644;1000;1002;403;./.git/refs/index.html
18/01/22;00:52:14.5116128200;18/01/22;00:55:42.4636075230;18/01/22;00:55:42.4636075230;755;1000;1002;32;./.git/refs/heads
18/01/22;00:52:14.0000000000;17/01/22;16:42:29.0000000000;18/01/22;00:52:14.5116128200;644;1000;1002;380;./.git/refs/heads/index.html
18/01/22;00:55:42.0000000000;17/01/22;16:42:44.0000000000;18/01/22;00:55:42.4636075230;644;1000;1002;41;./.git/refs/heads/master
18/01/22;00:52:15.5716127930;18/01/22;00:52:15.5716127930;18/01/22;00:52:15.5716127930;755;1000;1002;20;./.git/refs/tags
18/01/22;00:52:15.0000000000;17/01/22;16:42:29.0000000000;18/01/22;00:52:15.5716127930;644;1000;1002;341;./.git/refs/tags/index.html
18/01/22;00:49:28.0000000000;17/01/22;16:42:12.0000000000;18/01/22;00:49:28.7796170410;644;1000;1002;12288;./.helloworld.nasm.swp
18/01/22;00:49:29.0000000000;17/01/22;16:42:12.0000000000;18/01/22;00:49:29.8476170140;644;1000;1002;4096;./.helloworld_minified.nasm.swn
18/01/22;00:49:30.0000000000;17/01/22;16:42:12.0000000000;18/01/22;00:49:30.8956169870;644;1000;1002;4096;./.helloworld_minified.nasm.swo
18/01/22;00:49:32.0000000000;17/01/22;16:42:12.0000000000;18/01/22;00:49:32.0356169580;644;1000;1002;12288;./.helloworld_minified_jcp.nasm.swp
18/01/22;00:49:33.0000000000;17/01/22;16:42:12.0000000000;18/01/22;00:49:33.1156169310;644;1000;1002;12288;./.helloworld_minified_stack.nasm.swp
18/01/22;00:49:34.0000000000;17/01/22;16:42:12.0000000000;18/01/22;00:49:34.2116169030;644;1000;1002;4096;./.helloworld_minified_stack.swp
18/01/22;00:49:35.3916168730;18/01/22;07:20:54.3919928450;18/01/22;07:20:54.3919928450;755;1000;1002;812;./codes
18/01/22;00:49:35.0000000000;17/01/22;16:42:12.0000000000;18/01/22;00:49:35.3956168730;644;1000;1002;1994;./codes/index.html
18/01/22;00:49:57.0000000000;17/01/22;16:42:15.0000000000;18/01/22;00:49:57.8476163010;644;1000;1002;12288;./codes/.Datatypes.nasm.swp
18/01/22;00:49:58.0000000000;17/01/22;16:42:15.0000000000;18/01/22;00:49:58.9116162740;644;1000;1002;12288;./codes/.execve-stack.nasm.swp
18/01/22;00:50:00.0000000000;17/01/22;16:42:15.0000000000;18/01/22;00:50:00.0156162460;644;1000;1002;685;./codes/.gdb_history
18/01/22;00:50:02.0000000000;17/01/22;16:42:15.0000000000;18/01/22;00:50:02.2596161880;644;1000;1002;735;./codes/Arithmetic.nasm
18/01/22;00:50:03.0000000000;18/01/22;07:19:58.0839942790;18/01/22;07:19:58.0839942790;644;1000;1002;2496;./codes/Arithmetic.o
18/01/22;00:50:04.8796161220;18/01/22;00:52:26.6156125110;18/01/22;00:52:26.6156125110;755;1000;1002;244;./codes/assignments
18/01/22;00:50:04.0000000000;17/01/22;16:42:15.0000000000;18/01/22;00:50:04.8796161220;644;1000;1002;860;./codes/assignments/index.html
18/01/22;00:52:16.6436127650;18/01/22;00:55:52.2356072740;18/01/22;00:55:52.2356072740;755;1000;1002;292;./codes/assignments/bind_with_password
18/01/22;00:52:16.0000000000;17/01/22;16:42:29.0000000000;18/01/22;00:52:16.6556127650;644;1000;1002;882;./codes/assignments/bind_with_password/index.html
18/01/22;00:55:43.0000000000;17/01/22;16:42:44.0000000000;18/01/22;00:55:43.5916074940;644;1000;1002;12288;./codes/assignments/bind_with_password/.bind_tcp_shellcode.nasm.swn
18/01/22;00:55:44.0000000000;17/01/22;16:42:44.0000000000;18/01/22;00:55:44.6956074660;644;1000;1002;12288;./codes/assignments/bind_with_password/.helper.c.swp
18/01/22;00:55:45.0000000000;17/01/22;16:42:44.0000000000;18/01/22;07:27:42.8719824400;755;1000;1002;5960;./codes/assignments/bind_with_password/bind_tcp_shellcode
18/01/22;00:55:46.0000000000;17/01/22;16:42:44.0000000000;18/01/22;00:55:46.9436074080;644;1000;1002;899;./codes/assignments/bind_with_password/bind_tcp_shellcode.nasm
18/01/22;00:55:47.0000000000;17/01/22;16:42:44.0000000000;18/01/22;00:55:47.9876073820;644;1000;1002;2272;./codes/assignments/bind_with_password/bind_tcp_shellcode.o
18/01/22;00:55:49.0000000000;17/01/22;16:42:44.0000000000;18/01/22;07:27:42.8719824400;755;1000;1002;16832;./codes/assignments/bind_with_password/helper
18/01/22;00:55:50.0000000000;17/01/22;16:42:44.0000000000;18/01/22;00:55:50.1276073270;644;1000;1002;321;./codes/assignments/bind_with_password/helper.c
18/01/22;00:55:51.0000000000;17/01/22;16:42:44.0000000000;18/01/22;07:27:42.8719824400;755;1000;1002;16472;./codes/assignments/bind_with_password/shellcode
18/01/22;00:55:52.0000000000;17/01/22;16:42:44.0000000000;18/01/22;00:55:52.2396072740;644;1000;1002;815;./codes/assignments/bind_with_password/shellcode.c
18/01/22;00:52:17.7516127370;18/01/22;00:55:59.7596070820;18/01/22;00:55:59.7596070820;755;1000;1002;260;./codes/assignments/crypters
18/01/22;00:52:17.0000000000;17/01/22;16:42:29.0000000000;18/01/22;00:52:17.7516127370;644;1000;1002;782;./codes/assignments/crypters/index.html
18/01/22;00:55:53.0000000000;17/01/22;16:42:45.0000000000;18/01/22;00:55:53.3556072450;644;1000;1002;12288;./codes/assignments/crypters/.aes_decrypt.py.swo
18/01/22;00:55:54.0000000000;17/01/22;16:42:45.0000000000;18/01/22;00:55:54.4276072180;644;1000;1002;12288;./codes/assignments/crypters/.blowfish_decrypt.py.swp
18/01/22;00:55:55.4916071910;18/01/22;00:56:44.9356059310;18/01/22;00:56:44.9356059310;755;1000;1002;66;./codes/assignments/crypters/__pycache__
18/01/22;00:55:55.0000000000;17/01/22;16:42:45.0000000000;18/01/22;00:55:55.4956071910;644;1000;1002;460;./codes/assignments/crypters/__pycache__/index.html
18/01/22;00:56:44.0000000000;17/01/22;16:42:49.0000000000;18/01/22;00:56:44.9396059310;644;1000;1002;1067;./codes/assignments/crypters/__pycache__/blowfish.cpython-38.pyc
18/01/22;00:55:56.0000000000;17/01/22;16:42:45.0000000000;18/01/22;07:25:33.5319857340;755;1000;1002;1236;./codes/assignments/crypters/aes_decrypt.py
18/01/22;00:55:57.0000000000;17/01/22;16:42:45.0000000000;18/01/22;07:25:33.5319857340;755;1000;1002;933;./codes/assignments/crypters/aes_encrypt.py
18/01/22;00:55:58.0000000000;17/01/22;16:42:45.0000000000;18/01/22;07:25:33.5319857340;755;1000;1002;1703;./codes/assignments/crypters/blowfish_decrypt.py
18/01/22;00:55:59.0000000000;17/01/22;16:42:45.0000000000;18/01/22;07:25:33.5319857340;755;1000;1002;1590;./codes/assignments/crypters/blowfish_encrypt.py
18/01/22;00:52:18.9156127070;18/01/22;00:56:13.5996067290;18/01/22;00:56:13.5996067290;755;1000;1002;378;./codes/assignments/egghunter
18/01/22;00:52:18.0000000000;17/01/22;16:42:29.0000000000;18/01/22;00:52:18.9236127070;644;1000;1002;1100;./codes/assignments/egghunter/index.html
18/01/22;00:56:00.0000000000;17/01/22;16:42:45.0000000000;18/01/22;00:56:00.8436070540;644;1000;1002;4096;./codes/assignments/egghunter/.egg.n.swp
18/01/22;00:56:01.0000000000;17/01/22;16:42:45.0000000000;18/01/22;00:56:01.8996070270;644;1000;1002;4096;./codes/assignments/egghunter/.egg_shellcode.nasm.swm
18/01/22;00:56:01.0000000000;17/01/22;16:42:46.0000000000;18/01/22;00:56:01.9316070270;644;1000;1002;4096;./codes/assignments/egghunter/.egg_shellcode.nasm.swn
18/01/22;00:56:02.0000000000;17/01/22;16:42:46.0000000000;18/01/22;00:56:02.9916070000;644;1000;1002;4096;./codes/assignments/egghunter/.egg_shellcode.nasm.swo
18/01/22;00:56:04.0000000000;17/01/22;16:42:46.0000000000;18/01/22;00:56:04.0516069730;644;1000;1002;12288;./codes/assignments/egghunter/.sh.c.swp
18/01/22;00:56:05.0000000000;17/01/22;16:42:46.0000000000;18/01/22;07:27:56.0839821030;755;1000;1002;5792;./codes/assignments/egghunter/egg_shellcode
18/01/22;00:56:06.0000000000;17/01/22;16:42:46.0000000000;18/01/22;00:56:06.1476069190;644;1000;1002;336;./codes/assignments/egghunter/egg_shellcode.nasm
18/01/22;00:56:07.0000000000;17/01/22;16:42:46.0000000000;18/01/22;00:56:07.1916068930;644;1000;1002;2112;./codes/assignments/egghunter/egg_shellcode.o
18/01/22;00:56:08.0000000000;17/01/22;16:42:46.0000000000;18/01/22;07:27:56.0839821030;755;1000;1002;19640;./codes/assignments/egghunter/sh
18/01/22;00:56:08.0000000000;17/01/22;16:42:46.0000000000;18/01/22;00:56:08.3316068640;644;1000;1002;596;./codes/assignments/egghunter/sh.c
18/01/22;00:56:09.0000000000;17/01/22;16:42:46.0000000000;18/01/22;07:27:56.0839821030;755;1000;1002;18952;./codes/assignments/egghunter/shellcode
18/01/22;00:56:10.0000000000;17/01/22;16:42:46.0000000000;18/01/22;00:56:10.4676068090;644;1000;1002;565;./codes/assignments/egghunter/shellcode.c
18/01/22;00:56:11.0000000000;17/01/22;16:42:46.0000000000;18/01/22;07:27:56.0839821030;755;1000;1002;5728;./codes/assignments/egghunter/test
18/01/22;00:56:12.0000000000;17/01/22;16:42:46.0000000000;18/01/22;00:56:12.5436067560;644;1000;1002;213;./codes/assignments/egghunter/test.nasm
18/01/22;00:56:13.0000000000;17/01/22;16:42:46.0000000000;18/01/22;00:56:13.5996067290;644;1000;1002;2032;./codes/assignments/egghunter/test.o
18/01/22;00:52:19.9756126800;24/03/22;09:52:30.9040310630;24/03/22;09:52:30.9040310630;755;1000;1002;288;./codes/assignments/encoders
18/01/22;00:52:19.0000000000;17/01/22;16:42:29.0000000000;18/01/22;00:52:19.9756126800;644;1000;1002;983;./codes/assignments/encoders/index.html
18/01/22;00:56:14.0000000000;17/01/22;16:42:46.0000000000;18/01/22;00:56:14.6796067020;644;1000;1002;12288;./codes/assignments/encoders/.enc.py.swp
18/01/22;00:56:15.0000000000;17/01/22;16:42:46.0000000000;18/01/22;00:56:15.8836066710;644;1000;1002;12288;./codes/assignments/encoders/.enc2.py.swp
18/01/22;00:56:16.0000000000;17/01/22;16:42:46.0000000000;18/01/22;00:56:16.0036066680;644;1000;1002;12288;./codes/assignments/encoders/.encoder.py.swl
18/01/22;00:56:17.0000000000;17/01/22;16:42:47.0000000000;18/01/22;00:56:17.0556066410;644;1000;1002;306;./codes/assignments/encoders/enc2.py
18/01/22;00:56:18.0000000000;17/01/22;16:42:47.0000000000;18/01/22;07:26:02.5719849940;755;1000;1002;424;./codes/assignments/encoders/encode
18/01/22;00:56:19.0000000000;17/01/22;16:42:47.0000000000;18/01/22;00:56:19.2476065860;644;1000;1002;545;./codes/assignments/encoders/encode.nasm
18/01/22;00:56:20.0000000000;17/01/22;16:42:47.0000000000;18/01/22;00:56:20.3636065570;644;1000;1002;2256;./codes/assignments/encoders/encode.o
18/01/22;00:56:21.0000000000;17/01/22;16:42:47.0000000000;18/01/22;07:26:02.5719849940;755;1000;1002;424;./codes/assignments/encoders/encode2
18/01/22;00:56:21.0000000000;17/01/22;16:42:47.0000000000;18/01/22;00:56:21.5476065270;644;1000;1002;497;./codes/assignments/encoders/encode2.nasm
18/01/22;00:56:22.0000000000;17/01/22;16:42:47.0000000000;18/01/22;00:56:22.6676064980;644;1000;1002;2192;./codes/assignments/encoders/encode2.o
18/01/22;00:56:24.0000000000;17/01/22;16:42:47.0000000000;18/01/22;00:56:24.8156064440;644;1000;1002;106;./codes/assignments/encoders/README
18/01/22;00:56:25.0000000000;17/01/22;16:42:47.0000000000;18/01/22;07:26:02.5719849940;755;1000;1002;18920;./codes/assignments/encoders/shellcode
18/01/22;00:56:26.0000000000;17/01/22;16:42:47.0000000000;18/01/22;00:56:26.9356063900;644;1000;1002;436;./codes/assignments/encoders/shellcode.c
24/03/22;09:52:30.9040310630;24/03/22;09:52:30.9040310630;24/03/22;09:52:30.9040310630;644;1000;1002;921;./codes/assignments/encoders/encoder.py
18/01/22;00:52:20.0000000000;17/01/22;16:42:29.0000000000;18/01/22;07:25:20.2919860710;755;1000;1002;141;./codes/assignments/gcomp
18/01/22;00:52:21.0000000000;17/01/22;16:42:29.0000000000;18/01/22;07:25:20.2919860710;755;1000;1002;158;./codes/assignments/installer
18/01/22;00:52:22.3956126190;18/01/22;00:56:29.1196063340;18/01/22;00:56:29.1196063340;755;1000;1002;26;./codes/assignments/msfvenom
18/01/22;00:52:22.0000000000;17/01/22;16:42:29.0000000000;18/01/22;00:52:22.3956126190;644;1000;1002;452;./codes/assignments/msfvenom/index.html
18/01/22;00:56:28.0076063620;18/01/22;00:56:46.1276059010;18/01/22;00:56:46.1276059010;755;1000;1002;60;./codes/assignments/msfvenom/1
18/01/22;00:56:28.0000000000;17/01/22;16:42:47.0000000000;18/01/22;00:56:28.0076063620;644;1000;1002;459;./codes/assignments/msfvenom/1/index.html
18/01/22;00:56:45.0000000000;17/01/22;16:42:49.0000000000;18/01/22;07:29:37.8439795110;755;1000;1002;18920;./codes/assignments/msfvenom/1/shellcode
18/01/22;00:56:46.0000000000;17/01/22;16:42:49.0000000000;18/01/22;00:56:46.1316059010;644;1000;1002;288;./codes/assignments/msfvenom/1/shellcode.c
18/01/22;00:56:29.0596063360;18/01/22;00:56:48.2196058480;18/01/22;00:56:48.2196058480;755;1000;1002;60;./codes/assignments/msfvenom/2
18/01/22;00:56:29.0000000000;17/01/22;16:42:47.0000000000;18/01/22;00:56:29.0596063360;644;1000;1002;459;./codes/assignments/msfvenom/2/index.html
18/01/22;00:56:47.0000000000;17/01/22;16:42:49.0000000000;18/01/22;07:29:41.8679794080;755;1000;1002;18928;./codes/assignments/msfvenom/2/shellcode
18/01/22;00:56:48.0000000000;17/01/22;16:42:49.0000000000;18/01/22;00:56:48.2236058470;644;1000;1002;475;./codes/assignments/msfvenom/2/shellcode.c
18/01/22;00:56:29.1196063340;18/01/22;00:57:01.0356055210;18/01/22;00:57:01.0356055210;755;1000;1002;236;./codes/assignments/msfvenom/3
18/01/22;00:56:29.0000000000;17/01/22;16:42:47.0000000000;18/01/22;00:56:29.1196063340;644;1000;1002;885;./codes/assignments/msfvenom/3/index.html
18/01/22;00:56:49.0000000000;17/01/22;16:42:49.0000000000;18/01/22;00:56:49.3076058200;644;1000;1002;12288;./codes/assignments/msfvenom/3/.bind.nasm.swp
18/01/22;00:56:50.0000000000;17/01/22;16:42:49.0000000000;18/01/22;00:56:50.3396057940;644;1000;1002;12288;./codes/assignments/msfvenom/3/.reverse.nasm.swp
18/01/22;00:56:51.0000000000;17/01/22;16:42:49.0000000000;18/01/22;07:29:54.0759790980;755;1000;1002;5912;./codes/assignments/msfvenom/3/bind
18/01/22;00:56:52.0000000000;17/01/22;16:42:49.0000000000;18/01/22;00:56:52.4676057390;644;1000;1002;892;./codes/assignments/msfvenom/3/bind.nasm
18/01/22;00:56:53.0000000000;17/01/22;16:42:49.0000000000;18/01/22;00:56:53.5196057130;644;1000;1002;2224;./codes/assignments/msfvenom/3/bind.o
18/01/22;00:56:54.0000000000;17/01/22;16:42:49.0000000000;18/01/22;07:29:54.0759790980;755;1000;1002;16832;./codes/assignments/msfvenom/3/help
18/01/22;00:56:55.0000000000;17/01/22;16:42:49.0000000000;18/01/22;00:56:55.6796056580;644;1000;1002;300;./codes/assignments/msfvenom/3/help.c
18/01/22;00:56:56.0000000000;17/01/22;16:42:50.0000000000;18/01/22;07:29:54.0759790980;755;1000;1002;5888;./codes/assignments/msfvenom/3/reverse
18/01/22;00:56:57.0000000000;17/01/22;16:42:50.0000000000;18/01/22;00:56:57.8036056030;644;1000;1002;740;./codes/assignments/msfvenom/3/reverse.nasm
18/01/22;00:56:58.0000000000;17/01/22;16:42:50.0000000000;18/01/22;00:56:58.8956055760;644;1000;1002;2192;./codes/assignments/msfvenom/3/reverse.o
18/01/22;00:56:59.0000000000;17/01/22;16:42:50.0000000000;18/01/22;07:29:54.0759790980;755;1000;1002;18928;./codes/assignments/msfvenom/3/shellcode
18/01/22;00:57:01.0000000000;17/01/22;16:42:50.0000000000;18/01/22;00:57:01.0396055210;644;1000;1002;424;./codes/assignments/msfvenom/3/shellcode.c
18/01/22;00:52:23.0000000000;17/01/22;16:42:29.0000000000;18/01/22;00:52:23.4516125920;644;1000;1002;190;./codes/assignments/obj
18/01/22;00:52:24.4876125650;18/01/22;00:56:32.3516062520;18/01/22;00:56:32.3516062520;755;1000;1002;26;./codes/assignments/polymorphism
18/01/22;00:52:24.0000000000;17/01/22;16:42:30.0000000000;18/01/22;00:52:24.4956125650;644;1000;1002;460;./codes/assignments/polymorphism/index.html
18/01/22;00:56:30.2156063060;18/01/22;00:57:04.2396054400;18/01/22;00:57:04.2396054400;755;1000;1002;120;./codes/assignments/polymorphism/1
18/01/22;00:56:30.0000000000;17/01/22;16:42:48.0000000000;18/01/22;00:56:30.2156063060;644;1000;1002;577;./codes/assignments/polymorphism/1/index.html
18/01/22;00:57:02.0000000000;17/01/22;16:42:50.0000000000;18/01/22;00:57:02.0756054950;644;1000;1002;12288;./codes/assignments/polymorphism/1/.execve-stack.nasm.swp
18/01/22;00:57:03.0000000000;17/01/22;16:42:50.0000000000;18/01/22;07:28:16.3159815880;755;1000;1002;5672;./codes/assignments/polymorphism/1/execute
18/01/22;00:57:03.0000000000;17/01/22;16:42:50.0000000000;18/01/22;00:57:03.1996054660;644;1000;1002;207;./codes/assignments/polymorphism/1/execute.nasm
18/01/22;00:57:04.0000000000;17/01/22;16:42:50.0000000000;18/01/22;00:57:04.2436054390;644;1000;1002;1968;./codes/assignments/polymorphism/1/execute.o
18/01/22;00:56:31.2836062790;18/01/22;00:57:11.6516052510;18/01/22;00:57:11.6516052510;755;1000;1002;124;./codes/assignments/polymorphism/2
18/01/22;00:56:31.0000000000;17/01/22;16:42:48.0000000000;18/01/22;00:56:31.2876062790;644;1000;1002;656;./codes/assignments/polymorphism/2/index.html
18/01/22;00:57:05.0000000000;17/01/22;16:42:50.0000000000;18/01/22;00:57:05.2876054130;644;1000;1002;4096;./codes/assignments/polymorphism/2/.poly.nasm.swp
18/01/22;00:57:06.0000000000;17/01/22;16:42:50.0000000000;18/01/22;07:29:06.0679803200;755;1000;1002;5912;./codes/assignments/polymorphism/2/bind
18/01/22;00:57:07.0000000000;17/01/22;16:42:50.0000000000;18/01/22;00:57:07.4116053590;644;1000;1002;878;./codes/assignments/polymorphism/2/bind.nasm
18/01/22;00:57:08.0000000000;17/01/22;16:42:50.0000000000;18/01/22;00:57:08.4676053320;644;1000;1002;2224;./codes/assignments/polymorphism/2/bind.o
18/01/22;00:57:09.0000000000;17/01/22;16:42:50.0000000000;18/01/22;07:29:06.0679803200;755;1000;1002;5936;./codes/assignments/polymorphism/2/poly
18/01/22;00:57:10.0000000000;17/01/22;16:42:51.0000000000;18/01/22;00:57:10.5916052780;644;1000;1002;968;./codes/assignments/polymorphism/2/poly.nasm
18/01/22;00:57:11.0000000000;17/01/22;16:42:51.0000000000;18/01/22;00:57:11.6516052510;644;1000;1002;2240;./codes/assignments/polymorphism/2/poly.o
18/01/22;00:56:32.3516062520;18/01/22;00:57:17.1756051100;18/01/22;00:57:17.1756051100;755;1000;1002;130;./codes/assignments/polymorphism/3
18/01/22;00:56:32.0000000000;17/01/22;16:42:48.0000000000;18/01/22;00:56:32.3636062510;644;1000;1002;637;./codes/assignments/polymorphism/3/index.html
18/01/22;00:57:12.0000000000;17/01/22;16:42:51.0000000000;18/01/22;00:57:12.6996052240;644;1000;1002;12288;./codes/assignments/polymorphism/3/.reverse.nasm.swp
18/01/22;00:57:13.0000000000;17/01/22;16:42:51.0000000000;18/01/22;07:28:52.8359806570;755;1000;1002;16832;./codes/assignments/polymorphism/3/help
18/01/22;00:57:14.0000000000;17/01/22;16:42:51.0000000000;18/01/22;00:57:14.8396051700;644;1000;1002;284;./codes/assignments/polymorphism/3/help.c
18/01/22;00:57:16.0000000000;17/01/22;16:42:51.0000000000;18/01/22;07:28:52.8359806570;755;1000;1002;5904;./codes/assignments/polymorphism/3/reverse
18/01/22;00:57:17.0000000000;17/01/22;16:42:51.0000000000;18/01/22;00:57:17.1316051110;644;1000;1002;771;./codes/assignments/polymorphism/3/reverse.nasm
18/01/22;00:57:17.0000000000;17/01/22;16:42:51.0000000000;18/01/22;00:57:17.1756051100;644;1000;1002;2192;./codes/assignments/polymorphism/3/reverse.o
18/01/22;00:52:25.5556125380;18/01/22;00:56:42.6276059900;18/01/22;00:56:42.6276059900;755;1000;1002;388;./codes/assignments/reverse_with_password
18/01/22;00:52:25.0000000000;17/01/22;16:42:30.0000000000;18/01/22;00:52:25.5596125380;644;1000;1002;1059;./codes/assignments/reverse_with_password/index.html
18/01/22;00:56:32.0000000000;17/01/22;16:42:48.0000000000;18/01/22;00:56:32.4436062490;644;1000;1002;12288;./codes/assignments/reverse_with_password/.7894.c.swo
18/01/22;00:56:33.0000000000;17/01/22;16:42:48.0000000000;18/01/22;00:56:33.6196062190;644;1000;1002;12288;./codes/assignments/reverse_with_password/.reverse_tcp_shellcode.nasm.swm
18/01/22;00:56:34.0000000000;17/01/22;16:42:48.0000000000;18/01/22;00:56:34.6756061930;644;1000;1002;12288;./codes/assignments/reverse_with_password/.reverse_tcp_shellcode.nasm.swp
18/01/22;00:56:35.0000000000;17/01/22;16:42:48.0000000000;18/01/22;00:56:35.7876061640;644;1000;1002;1852;./codes/assignments/reverse_with_password/de.py
18/01/22;00:56:36.0000000000;17/01/22;16:42:48.0000000000;18/01/22;07:27:08.3479833190;755;1000;1002;16832;./codes/assignments/reverse_with_password/helper
18/01/22;00:56:38.0000000000;17/01/22;16:42:48.0000000000;18/01/22;00:56:38.0396061070;644;1000;1002;29;./codes/assignments/reverse_with_password/pwd
18/01/22;00:56:39.0000000000;17/01/22;16:42:48.0000000000;18/01/22;07:27:08.3479833190;755;1000;1002;5936;./codes/assignments/reverse_with_password/reverse_tcp_shellcode
18/01/22;00:56:39.0000000000;17/01/22;16:42:48.0000000000;18/01/22;00:56:39.2196060770;644;1000;1002;768;./codes/assignments/reverse_with_password/reverse_tcp_shellcode.nasm
18/01/22;00:56:40.0000000000;17/01/22;16:42:48.0000000000;18/01/22;00:56:40.4356060460;644;1000;1002;2224;./codes/assignments/reverse_with_password/reverse_tcp_shellcode.o
18/01/22;00:56:41.0000000000;17/01/22;16:42:49.0000000000;18/01/22;07:27:08.3479833190;755;1000;1002;16472;./codes/assignments/reverse_with_password/shellcode
18/01/22;00:56:42.0000000000;17/01/22;16:42:49.0000000000;18/01/22;00:56:42.5716059910;644;1000;1002;751;./codes/assignments/reverse_with_password/shellcode.c
18/01/22;00:56:42.0000000000;17/01/22;16:42:49.0000000000;18/01/22;00:56:42.6316059900;644;1000;1002;1474;./codes/assignments/reverse_with_password/test.py
18/01/22;00:52:26.0000000000;17/01/22;16:42:30.0000000000;18/01/22;07:25:20.2919860710;755;1000;1002;164;./codes/assignments/SNinstaller
18/01/22;00:50:07.0000000000;17/01/22;16:42:15.0000000000;18/01/22;00:50:07.0956160650;644;1000;1002;616;./codes/Bitshifting.nasm
18/01/22;00:50:08.0000000000;18/01/22;07:20:05.0639941010;18/01/22;07:20:05.0639941010;644;1000;1002;2048;./codes/Bitshifting.o
18/01/22;00:50:10.0000000000;17/01/22;16:42:15.0000000000;18/01/22;00:50:10.5836159760;644;1000;1002;263;./codes/control.nasm
18/01/22;00:50:11.0000000000;18/01/22;07:20:14.8319938520;18/01/22;07:20:14.8319938520;644;1000;1002;2224;./codes/control.o
18/01/22;00:50:12.0000000000;17/01/22;16:42:16.0000000000;18/01/22;00:50:12.9756159150;644;1000;1002;582;./codes/Datatypes.nasm
18/01/22;00:50:14.0000000000;18/01/22;07:20:21.8999936720;18/01/22;07:20:21.8999936720;644;1000;1002;2912;./codes/Datatypes.o
18/01/22;00:50:16.0000000000;17/01/22;16:42:16.0000000000;18/01/22;00:50:16.4156158280;644;1000;1002;615;./codes/Logical.nasm
18/01/22;00:50:17.0000000000;18/01/22;07:20:26.9999935420;18/01/22;07:20:26.9999935420;644;1000;1002;2432;./codes/Logical.o
18/01/22;00:50:19.0000000000;17/01/22;16:42:16.0000000000;18/01/22;00:50:19.6356157460;644;1000;1002;549;./codes/MovingData.nasm
18/01/22;00:50:20.0000000000;18/01/22;07:20:34.0999933610;18/01/22;07:20:34.0999933610;644;1000;1002;2544;./codes/MovingData.o
18/01/22;00:50:21.0000000000;17/01/22;16:42:16.0000000000;18/01/22;00:50:21.8156156900;644;1000;1002;392;./codes/Procedures.nasm
18/01/22;00:50:22.0000000000;18/01/22;07:20:37.8399932660;18/01/22;07:20:37.8399932660;644;1000;1002;2288;./codes/Procedures.o
18/01/22;00:50:25.0000000000;17/01/22;16:42:16.0000000000;18/01/22;00:50:25.0036156090;644;1000;1002;348;./codes/Scan-cmp.nasm
18/01/22;00:50:26.0000000000;18/01/22;07:20:42.4479931490;18/01/22;07:20:42.4479931490;644;1000;1002;2336;./codes/Scan-cmp.o
18/01/22;00:50:27.1516155540;07/12/23;19:17:34.4121521700;07/12/23;19:17:34.4121521700;755;1000;1002;2144;./codes/shellcodes
18/01/22;00:50:27.0000000000;17/01/22;16:42:16.0000000000;18/01/22;00:50:27.1556155540;644;1000;1002;4350;./codes/shellcodes/index.html
18/01/22;00:52:26.0000000000;17/01/22;16:42:30.0000000000;18/01/22;00:52:26.7676125070;644;1000;1002;12288;./codes/shellcodes/.aes_encrypt.py.swp
18/01/22;00:52:27.0000000000;17/01/22;16:42:30.0000000000;18/01/22;00:52:27.8356124800;644;1000;1002;4096;./codes/shellcodes/.aesc.c.swp
18/01/22;00:52:29.0000000000;17/01/22;16:42:30.0000000000;18/01/22;00:52:29.0996124480;644;1000;1002;12288;./codes/shellcodes/.aese.c.swp
18/01/22;00:52:30.0000000000;17/01/22;16:42:30.0000000000;18/01/22;00:52:30.1756124210;644;1000;1002;4096;./codes/shellcodes/.execve-jcp.nasm.swp
18/01/22;00:52:31.0000000000;17/01/22;16:42:30.0000000000;18/01/22;00:52:31.3236123910;644;1000;1002;12288;./codes/shellcodes/.helloworld_jcp.nasm.swp
18/01/22;00:52:32.0000000000;17/01/22;16:42:30.0000000000;18/01/22;00:52:32.3716123650;644;1000;1002;4096;./codes/shellcodes/.not-encoder.nasm.swp
18/01/22;00:52:32.0000000000;17/01/22;16:42:30.0000000000;18/01/22;00:52:32.4156123640;644;1000;1002;12288;./codes/shellcodes/.notdecode.nasm.swp
18/01/22;00:52:33.0000000000;17/01/22;16:42:30.0000000000;18/01/22;00:52:33.6076123330;644;1000;1002;12288;./codes/shellcodes/.rc4_crypt.c.swp
18/01/22;00:52:34.0000000000;17/01/22;16:42:31.0000000000;18/01/22;00:52:34.7316123050;644;1000;1002;12288;./codes/shellcodes/.rc4_decrypt.c.swm
18/01/22;00:52:35.0000000000;17/01/22;16:42:31.0000000000;18/01/22;00:52:35.7956122770;644;1000;1002;4096;./codes/shellcodes/.rc4_decrypt.c.swn
18/01/22;00:52:36.0000000000;17/01/22;16:42:31.0000000000;18/01/22;00:52:36.8316122510;644;1000;1002;12288;./codes/shellcodes/.rc4_decrypt.c.swo
18/01/22;00:52:37.0000000000;17/01/22;16:42:31.0000000000;18/01/22;00:52:37.8716122250;644;1000;1002;4096;./codes/shellcodes/.shellcode.c.swo
18/01/22;00:52:38.0000000000;17/01/22;16:42:31.0000000000;18/01/22;00:52:38.9356121970;644;1000;1002;4096;./codes/shellcodes/.shellcode.c.swp
18/01/22;00:52:39.0000000000;17/01/22;16:42:31.0000000000;18/01/22;00:52:39.9836121710;644;1000;1002;12288;./codes/shellcodes/.tcp_bind.nasm.swo
18/01/22;00:52:41.0000000000;17/01/22;16:42:31.0000000000;18/01/22;00:52:41.0876121430;644;1000;1002;12288;./codes/shellcodes/.tcp_bind.nasm.swp
18/01/22;00:52:42.0000000000;17/01/22;16:42:31.0000000000;18/01/22;00:52:42.1396121160;644;1000;1002;4096;./codes/shellcodes/.tcp_bind_.n.swp
18/01/22;00:52:43.0000000000;17/01/22;16:42:31.0000000000;18/01/22;00:52:43.1956120890;644;1000;1002;4096;./codes/shellcodes/.test.nasm.swp
18/01/22;00:52:44.0000000000;17/01/22;16:42:31.0000000000;18/01/22;00:52:44.2836120610;644;1000;1002;12288;./codes/shellcodes/.test.py.swp
18/01/22;00:52:45.0000000000;17/01/22;16:42:31.0000000000;18/01/22;00:52:45.3556120340;644;1000;1002;4096;./codes/shellcodes/.xor-enc.py.swo
18/01/22;00:52:46.0000000000;17/01/22;16:42:31.0000000000;18/01/22;00:52:46.3996120070;644;1000;1002;12288;./codes/shellcodes/.xor-enc.py.swp
18/01/22;00:52:47.0000000000;17/01/22;16:42:31.0000000000;18/01/22;07:21:22.9479921170;755;1000;1002;1697;./codes/shellcodes/aes_decrypt.py
18/01/22;00:52:48.0000000000;17/01/22;16:42:31.0000000000;18/01/22;07:21:22.9479921170;755;1000;1002;1248;./codes/shellcodes/aes_encrypt.py
18/01/22;00:52:49.0000000000;17/01/22;16:42:32.0000000000;18/01/22;00:52:49.8916119180;644;1000;1002;313;./codes/shellcodes/bind.c
18/01/22;00:52:52.0000000000;17/01/22;16:42:32.0000000000;18/01/22;00:52:52.0756118630;644;1000;1002;349;./codes/shellcodes/execve-jcp.nasm
18/01/22;00:52:53.0000000000;18/01/22;07:21:53.4519913400;18/01/22;07:21:53.4519913400;644;1000;1002;2016;./codes/shellcodes/execve-jcp.o
18/01/22;00:52:55.0000000000;17/01/22;16:42:32.0000000000;18/01/22;00:52:55.2476117820;644;1000;1002;161;./codes/shellcodes/execve-stack.nasm
18/01/22;00:52:56.0000000000;18/01/22;07:22:01.0799911460;18/01/22;07:22:01.0799911460;644;1000;1002;1920;./codes/shellcodes/execve-stack.o
18/01/22;00:52:58.0000000000;17/01/22;16:42:32.0000000000;18/01/22;00:52:58.4796117000;644;1000;1002;84;./codes/shellcodes/exitshellcode.nasm
18/01/22;00:52:59.0000000000;18/01/22;07:22:04.2599910650;18/01/22;07:22:04.2599910650;644;1000;1002;1904;./codes/shellcodes/exitshellcode.o
18/01/22;00:53:00.0000000000;17/01/22;16:42:32.0000000000;18/01/22;07:21:22.9479921170;755;1000;1002;127;./codes/shellcodes/gcomp
18/01/22;00:53:02.0000000000;17/01/22;16:42:32.0000000000;18/01/22;00:53:02.7276115910;644;1000;1002;279;./codes/shellcodes/helloworld_jcp.nasm
18/01/22;00:53:03.0000000000;18/01/22;07:22:11.8639908710;18/01/22;07:22:11.8639908710;644;1000;1002;2064;./codes/shellcodes/helloworld_jcp.o
18/01/22;00:53:04.0000000000;17/01/22;16:42:33.0000000000;18/01/22;00:53:04.8916115360;644;1000;1002;286;./codes/shellcodes/helloworld_stack.nasm
18/01/22;00:53:05.0000000000;18/01/22;07:22:14.6319908010;18/01/22;07:22:14.6319908010;644;1000;1002;1968;./codes/shellcodes/helloworld_stack.o
18/01/22;00:53:05.0000000000;17/01/22;16:42:33.0000000000;18/01/22;07:22:35.5319902680;755;1000;1002;16832;./codes/shellcodes/helper_shell
18/01/22;00:53:07.0000000000;17/01/22;16:42:33.0000000000;18/01/22;00:53:07.0276114820;644;1000;1002;793;./codes/shellcodes/insertion-enc.py
18/01/22;00:53:09.0000000000;17/01/22;16:42:33.0000000000;18/01/22;00:53:09.1316114280;644;1000;1002;607;./codes/shellcodes/insertiondecode.nasm
18/01/22;00:53:09.0000000000;18/01/22;07:23:04.0839895410;18/01/22;07:23:04.0839895410;644;1000;1002;2112;./codes/shellcodes/insertiondecode.o
18/01/22;00:53:10.0000000000;17/01/22;16:42:33.0000000000;18/01/22;07:21:22.9479921170;755;1000;1002;158;./codes/shellcodes/installer
18/01/22;00:53:13.0000000000;07/12/23;19:16:30.3601511080;07/12/23;19:16:30.3601511080;644;1000;1002;2096;./codes/shellcodes/mmx_xor.o
18/01/22;00:53:15.0000000000;17/01/22;16:42:33.0000000000;18/01/22;00:53:15.7356112600;644;1000;1002;343;./codes/shellcodes/notdecode.nasm
18/01/22;00:53:15.0000000000;18/01/22;07:23:15.8479892410;18/01/22;07:23:15.8479892410;644;1000;1002;2016;./codes/shellcodes/notdecode.o
18/01/22;00:53:17.0000000000;17/01/22;16:42:34.0000000000;18/01/22;07:25:04.5799864720;755;1000;1002;190;./codes/shellcodes/obj
18/01/22;00:53:19.0000000000;17/01/22;16:42:34.0000000000;18/01/22;00:53:19.2796111700;644;1000;1002;280;./codes/shellcodes/polymorphism.nasm
18/01/22;00:53:20.0000000000;18/01/22;07:24:58.3839866290;18/01/22;07:24:58.3839866290;644;1000;1002;1984;./codes/shellcodes/polymorphism.o
18/01/22;00:53:22.0000000000;17/01/22;16:42:34.0000000000;18/01/22;00:53:22.4916110880;644;1000;1002;241;./codes/shellcodes/riprelative_helloworld.nasm
18/01/22;00:53:23.0000000000;18/01/22;07:23:20.0319891350;18/01/22;07:23:20.0319891350;644;1000;1002;2048;./codes/shellcodes/riprelative_helloworld.o
18/01/22;00:53:25.0000000000;17/01/22;16:42:34.0000000000;18/01/22;00:53:25.8196110030;644;1000;1002;541;./codes/shellcodes/shellcode.c
18/01/22;00:53:26.0000000000;17/01/22;16:42:34.0000000000;18/01/22;07:21:22.9479921170;755;1000;1002;164;./codes/shellcodes/SNinstaller
18/01/22;00:53:28.0000000000;17/01/22;16:42:34.0000000000;18/01/22;00:53:28.0716109460;644;1000;1002;640;./codes/shellcodes/tcp_bind.nasm
18/01/22;00:53:29.0000000000;18/01/22;07:24:03.7079880220;18/01/22;07:24:03.7079880220;644;1000;1002;2048;./codes/shellcodes/tcp_bind.o
18/01/22;00:53:31.0000000000;17/01/22;16:42:35.0000000000;18/01/22;00:53:31.6836108540;644;1000;1002;1022;./codes/shellcodes/tcp_bind_shell.c
18/01/22;00:53:33.0000000000;17/01/22;16:42:35.0000000000;18/01/22;00:53:33.8476107990;644;1000;1002;492;./codes/shellcodes/tcp_shell.nasm
18/01/22;00:53:33.0000000000;18/01/22;07:24:21.8879875590;18/01/22;07:24:21.8879875590;644;1000;1002;2016;./codes/shellcodes/tcp_shell.o
18/01/22;00:53:34.0000000000;17/01/22;16:42:35.0000000000;18/01/22;00:53:34.9516107710;644;1000;1002;341;./codes/shellcodes/test.py
18/01/22;00:53:36.0000000000;17/01/22;16:42:35.0000000000;18/01/22;00:53:36.0036107440;644;1000;1002;539;./codes/shellcodes/xor-enc.py
18/01/22;00:53:38.0000000000;17/01/22;16:42:35.0000000000;18/01/22;00:53:38.1316106900;644;1000;1002;341;./codes/shellcodes/xordecode.nasm
18/01/22;00:53:39.0000000000;18/01/22;07:24:27.7039874110;18/01/22;07:24:27.7039874110;644;1000;1002;2048;./codes/shellcodes/xordecode.o
18/01/22;07:21:53.4599913400;18/01/22;07:21:53.4639913400;18/01/22;07:21:53.4639913400;755;1000;1002;376;./codes/shellcodes/execve-jcp
18/01/22;07:22:01.0879911460;18/01/22;07:22:01.0919911460;18/01/22;07:22:01.0919911460;755;1000;1002;368;./codes/shellcodes/execve-stack
18/01/22;07:22:04.2759910640;18/01/22;07:22:04.2799910640;18/01/22;07:22:04.2799910640;755;1000;1002;352;./codes/shellcodes/exitshellcode
18/01/22;07:22:11.8879908710;18/01/22;07:22:11.8919908700;18/01/22;07:22:11.8919908700;755;1000;1002;400;./codes/shellcodes/helloworld_jcp
18/01/22;07:22:14.6399908000;18/01/22;07:22:14.6399908000;18/01/22;07:22:14.6399908000;755;1000;1002;400;./codes/shellcodes/helloworld_stack
18/01/22;07:23:04.0919895410;18/01/22;07:23:04.0959895410;18/01/22;07:23:04.0959895410;755;1000;1002;440;./codes/shellcodes/insertiondecode
18/01/22;07:23:15.8639892410;18/01/22;07:23:15.8679892410;18/01/22;07:23:15.8679892410;755;1000;1002;392;./codes/shellcodes/notdecode
18/01/22;07:23:20.0599891340;18/01/22;07:23:20.0639891340;18/01/22;07:23:20.0639891340;755;1000;1002;392;./codes/shellcodes/riprelative_helloworld
18/01/22;07:23:44.7839885040;18/01/22;07:23:44.8759885020;18/01/22;07:23:44.8759885020;755;1000;1002;16464;./codes/shellcodes/shellcode
18/01/22;07:24:03.7159880220;18/01/22;07:24:03.7199880220;18/01/22;07:24:03.7199880220;755;1000;1002;5488;./codes/shellcodes/tcp_bind
18/01/22;07:24:21.9039875590;18/01/22;07:24:21.9079875590;18/01/22;07:24:21.9079875590;755;1000;1002;5456;./codes/shellcodes/tcp_shell
18/01/22;07:24:27.7519874100;18/01/22;07:24:27.7519874100;18/01/22;07:24:27.7519874100;755;1000;1002;5480;./codes/shellcodes/xordecode
18/01/22;07:24:58.3959866290;18/01/22;07:24:58.3999866290;18/01/22;07:24:58.3999866290;755;1000;1002;5384;./codes/shellcodes/polymorphism
25/02/22;11:36:03.4480426020;25/02/22;11:36:03.4480426020;25/02/22;11:36:03.4480426020;644;1000;1002;434;./codes/shellcodes/not-encoder.py
07/12/23;19:16:28.0441510700;07/12/23;19:16:28.0481510700;07/12/23;19:16:28.0481510700;644;1000;1002;509;./codes/shellcodes/mmx_xor.nasm
07/12/23;19:16:36.1681512050;07/12/23;19:16:36.1721512050;07/12/23;19:16:36.1721512050;755;1000;1002;1544;./codes/shellcodes/mmx_xor
07/12/23;19:17:34.4121521700;07/12/23;19:18:20.8921529410;07/12/23;19:18:20.8921529410;755;1000;1002;1699;./codes/shellcodes/mmx_xor.sgn
18/01/22;00:50:29.0000000000;17/01/22;16:42:17.0000000000;18/01/22;00:50:29.3636154980;644;1000;1002;244;./codes/Stack.nasm
18/01/22;00:50:30.0000000000;18/01/22;07:20:48.8239929860;18/01/22;07:20:48.8239929860;644;1000;1002;2224;./codes/Stack.o
18/01/22;00:50:32.0000000000;17/01/22;16:42:17.0000000000;18/01/22;00:50:32.6596154140;644;1000;1002;704;./codes/Strings.nasm
18/01/22;00:50:33.0000000000;18/01/22;07:20:54.3799928450;18/01/22;07:20:54.3799928450;644;1000;1002;2800;./codes/Strings.o
18/01/22;07:19:58.0959942790;18/01/22;07:19:58.0999942780;18/01/22;07:19:58.0999942780;755;1000;1002;9672;./codes/Arithmetic
18/01/22;07:20:05.0959941000;18/01/22;07:20:05.0999941000;18/01/22;07:20:05.0999941000;755;1000;1002;5448;./codes/Bitshifting
18/01/22;07:20:14.8399938520;18/01/22;07:20:14.8399938520;18/01/22;07:20:14.8399938520;755;1000;1002;9584;./codes/control
18/01/22;07:20:21.9039936720;18/01/22;07:20:21.9079936720;18/01/22;07:20:21.9079936720;755;1000;1002;10056;./codes/Datatypes
18/01/22;07:20:27.0079935420;18/01/22;07:20:27.0119935420;18/01/22;07:20:27.0119935420;755;1000;1002;9640;./codes/Logical
18/01/22;07:20:34.1079933610;18/01/22;07:20:34.1119933610;18/01/22;07:20:34.1119933610;755;1000;1002;9536;./codes/MovingData
18/01/22;07:20:37.8439932660;18/01/22;07:20:37.8479932660;18/01/22;07:20:37.8479932660;755;1000;1002;9640;./codes/Procedures
18/01/22;07:20:42.4559931490;18/01/22;07:20:42.4599931480;18/01/22;07:20:42.4599931480;755;1000;1002;9608;./codes/Scan-cmp
18/01/22;07:20:48.8319929860;18/01/22;07:20:48.8359929860;18/01/22;07:20:48.8359929860;755;1000;1002;9512;./codes/Stack
18/01/22;07:20:54.3919928450;18/01/22;07:20:54.3919928450;18/01/22;07:20:54.3919928450;755;1000;1002;9904;./codes/Strings
18/01/22;00:49:36.0000000000;17/01/22;16:42:12.0000000000;18/01/22;00:49:36.5516168430;644;1000;1002;195;./helloworld.nasm
18/01/22;00:49:39.0000000000;17/01/22;16:42:12.0000000000;18/01/22;00:49:39.6836167630;644;1000;1002;190;./helloworld_minified_jcp.nasm
18/01/22;00:49:40.0000000000;18/01/22;07:19:39.2519947590;18/01/22;07:19:39.2519947590;644;1000;1002;2048;./helloworld_minified_jcp.o
18/01/22;00:49:42.0000000000;17/01/22;16:42:13.0000000000;18/01/22;00:49:42.8436166830;644;1000;1002;217;./helloworld_minified_stack.nasm
18/01/22;00:49:43.0000000000;18/01/22;07:19:43.1079946600;18/01/22;07:19:43.1079946600;644;1000;1002;1968;./helloworld_minified_stack.o
18/01/22;00:49:45.0000000000;17/01/22;16:42:13.0000000000;18/01/22;07:19:28.4879950330;755;1000;1002;156;./installer
18/01/22;00:49:46.1036166000;18/01/22;00:49:46.1036166000;18/01/22;00:49:46.1036166000;755;1000;1002;20;./SLAE64
18/01/22;00:49:46.0000000000;17/01/22;16:42:13.0000000000;18/01/22;00:49:46.1196165990;644;1000;1002;325;./SLAE64/index.html
18/01/22;07:19:34.6679948750;18/01/22;07:19:34.6679948750;18/01/22;07:19:34.6679948750;755;1000;1002;9560;./helloworld
18/01/22;07:19:39.2799947580;18/01/22;07:19:39.2839947580;18/01/22;07:19:39.2839947580;755;1000;1002;5464;./helloworld_minified_jcp
18/01/22;07:19:43.1119946600;18/01/22;07:19:43.1159946600;18/01/22;07:19:43.1159946600;755;1000;1002;5392;./helloworld_minified_stack
22/01/22;17:06:10.5640886900;22/01/22;17:06:10.5640886900;22/01/22;17:06:10.5640886900;644;1000;1002;28;./peda-session-helloworld.txt
18/01/22;00:49:26.0000000000;22/01/22;17:07:08.2600904560;22/01/22;17:07:08.2640904560;644;1000;1002;176;./.gdb_history
25/01/22;11:43:55.8442407330;25/01/22;11:43:55.8642407340;25/01/22;11:43:55.8642407340;644;1000;1002;2176;./helloworld.o
